site,observer,season,year,month,date,focal_duration_secs,focal,sex,fruit_prop,leaf_prop,flower_prop,other_prop,total_dry_weight,amount_food,intake_NDF_g,intake_ADF_g,intake_ADL_g,intake_CP_g,intake_ADIN_g,intake_fat_g,intake_TNC_g,intake_sugar_g,intake_starch_g,intake_ash_g,intake_CP_kcal,intake_AP_kcal,intake_NPE_kcal,intake_energy_kcal,NPE_AP_ratio,RMT_total,RMT_ADIN_prop,RMT_carb_prop,RMT_TNC_prop,RMT_fat_prop,RMT_NDF_prop,RMT_sugar_prop,RMT_starch_prop,RMT_ADIN_prop_kcal,RMT_carb_prop_kcal,RMT_fat_prop_kcal
MGV,Tantely,Lean,2022,August,30/08/2022,31999,Silver Pink,F,68.59294282,31.40705718,0,0,444.1514903,445.6455958,278.223457,232.9287088,156.7165801,65.97058829,29.02278289,18.55282162,104.8958736,12.16794675,2.780798795,14.9506606,263.8823532,116.0911316,799.3998337,875.3828616,6.885968144,430.6949352,6.738593961,88.95375807,24.35502836,4.307647967,64.59872971,2.825189189,0.645653935,13.26175513,67.66368882,19.07455605
MGV,Tantely,Lean,2022,August,31/08/2022,32253,Black Pink,F,88.9800995,11.0199005,0,0,107.2685973,107.2685973,58.22894116,48.28581946,32.79534291,16.24185277,8.217072842,3.594077771,32.35694048,5.612454594,0.975972392,4.871565041,64.96741107,32.86829137,206.3196019,229.5337195,6.277162373,102.3970323,8.024717769,88.46533893,31.5994905,3.509943298,56.86584843,5.481071541,0.953125663,14.31959167,71.58805623,14.0923521
MGV,Tantely,Lean,2022,September,01/09/2022,31380,Orange Teal,F,74.18305967,25.81694033,0,0,61.88541764,61.88541764,23.87894318,18.36918062,9.645503099,6.749043547,3.9100604,6.142659797,24.46045617,6.014195832,1.581838057,3.493298082,26.99617419,15.6402416,171.3931544,181.4637084,10.9584723,58.39211955,6.696212485,82.78411492,41.88999536,10.51967259,40.89411956,10.29967036,2.708992359,8.61893639,60.91550184,30.46556177
MGV,Tantely,Lean,2022,September,02/09/2022,31447,Black Teal,F,77.47460665,22.52539335,0,0,180.5287501,180.5287501,104.724958,87.41459936,58.96995739,25.79031889,11.65527349,7.266308512,50.24035905,7.290990565,1.37450689,6.641850993,103.1612755,46.62109394,346.4728057,376.8463121,7.43167473,173.8868991,6.702789886,89.11845453,28.89254988,4.178755587,60.22590465,4.192949902,0.790460292,12.37138123,70.27491926,17.35369951
MGV,Tantely,Lean,2022,September,05/09/2022,31804,Silver Yellow,F,92.00343938,7.996560619,0,0,27.57261841,27.57261841,14.70212411,11.78996433,6.063760429,3.396342991,1.717525715,1.709585727,7.911621251,2.397900427,0.622070804,1.531761604,13.58537197,6.870102862,58.27988149,62.6684487,8.483116289,26.04085681,6.595503858,86.83948279,30.38157043,6.565013353,56.45791236,9.208224003,2.388826175,10.96261836,64.48551885,24.5518628
MGV,Tantely,Lean,2022,September,06/09/2022,30220,Orange Silver,F,34.58560731,51.73245336,0,13.68193933,219.498781,219.498781,115.2953765,97.65674798,63.87453014,29.39142191,11.78167892,10.24002409,69.84603289,9.549889472,3.811905974,12.33566856,117.5656877,47.12671569,459.7453114,487.1171368,9.755513506,207.1631124,5.687150953,89.36987249,33.71547766,4.942976561,55.65439483,4.6098407,1.840050542,9.674616664,71.40586484,18.9195185
MGV,Tantely,Lean,2022,September,07/09/2022,30877,Black Yellow,M,58.79161167,27.2913917,13.91699663,0,164.6925934,164.6099223,69.03859699,52.32685675,24.69247882,19.28067886,11.824605,7.063737653,73.81040803,24.21603192,6.264213937,2.8725746,77.12271544,47.29842,411.6297977,444.1133247,8.702823428,161.7373477,7.310992279,88.3215949,45.63597035,4.367412818,42.68562455,14.97244283,3.873078189,10.65007902,75.03518748,14.3147335
MGV,Tantely,Lean,2022,September,08/09/2022,55525,Yellow Teal,F,91.7765669,5.383137224,0,2.840295875,191.0152875,191.0152875,100.7535506,86.00988589,57.4593918,26.19869963,10.69233704,11.53370654,57.42832126,8.735978573,2.163725045,10.60737209,104.7947985,42.76934815,410.5931101,436.1710824,9.600172271,180.4079154,5.926756047,87.68011729,31.83248425,6.393126663,55.84763304,4.842347716,1.199351503,9.805635878,66.3955927,23.79877142
MGV,Tantely,Lean,2022,September,09/09/2022,31844,Orange Black,F,96.89969605,3.100303951,0,0,432.0604095,432.0604095,163.6898364,120.1824993,45.06283544,41.47998569,24.85030883,11.27199643,243.6964273,88.32870818,22.31890003,-11.44815949,165.9199428,99.40123532,1201.456402,1261.972201,12.08693633,443.508569,5.603118082,91.85533093,54.94739997,2.541550991,36.90793095,19.91589664,5.032349223,7.876658081,84.0844986,8.038843316
MGV,Salohy,Lean,2022,September,21/09/2022,31224,Silver Pink,F,87.26612171,12.73387829,0,0,135.5371123,135.5371123,75.37762379,64.12452576,37.03181074,10.62035943,3.151479,6.650638322,39.06902832,5.450980545,1.30086555,11.28834285,42.48143773,12.605916,273.7957404,274.2033163,21.71962278,124.2487694,2.536426731,92.11089384,31.4441974,5.352679429,60.66669644,4.387150528,1.046984655,4.597287944,73.57374744,21.82896462
MGV,Salohy,Lean,2022,September,22/09/2022,31172,Purple Yellow,F,76.72143253,23.27856747,0,0,97.23296507,97.23296507,39.89241529,30.45344288,17.19336468,12.07879261,8.027553386,8.393403671,33.81501404,8.414944446,6.423110388,7.104578689,48.31517043,32.11021354,241.3183869,264.6776336,7.515315541,90.12838638,8.906798079,81.78048258,37.51871679,9.312719342,44.26176579,9.336619443,7.126623083,12.1318198,59.32756194,28.54061827
MGV,Salohy,Lean,2022,September,23/09/2022,35011,Yellow Teal,F,97.39825581,2.601744186,0,0,96.81909764,96.81909764,45.85708608,38.88637058,22.34098343,10.12836119,5.750377022,7.273414382,32.11519572,11.46206248,2.910385397,5.823024439,40.51344475,23.00150809,229.0021832,243.2899725,9.955963856,90.9960732,6.31936832,85.68752371,35.29294681,7.993107973,50.3945769,12.59621661,3.198363726,9.45435928,63.63917648,26.90646424
MGV,Salohy,Lean,2022,September,24/09/2022,31443,Silver Teal,F,77.48029356,0,16.20005436,6.319652079,411.7606446,411.7606446,144.1326995,116.1794565,48.06056487,37.43226887,26.53872882,7.999731184,180.1573551,81.38917206,6.984496912,52.93213001,149.7290755,106.1549153,902.888516,971.9849733,8.505385864,358.8285146,7.395936428,90.37466126,50.20708994,2.229402307,40.16757132,22.68191316,1.946472097,10.92145642,81.67127056,7.407273017
MGV,Salohy,Lean,2022,September,26/09/2022,29480,Green Pink,F,64.32042903,29.49555891,0,6.184012066,326.538523,326.538523,190.4383479,159.2420826,106.8384742,47.00090522,21.24325994,18.1589245,84.52782769,16.39250319,4.413556177,12.17016294,188.0036209,84.97303977,647.2269674,702.8115401,7.616850818,314.36836,6.75744211,87.46623724,26.8881473,5.776320652,60.57808994,5.214425265,1.403944143,12.09044458,64.65576529,23.25379013
MGV,Salohy,Lean,2022,September,27/09/2022,30458,Purple Black,M,58.62182657,41.37817343,0,0,50.49388849,50.49388849,17.28667764,12.73653369,5.131080143,4.935040751,3.132381338,2.248472588,23.01241671,7.366043657,0.786865311,4.813940212,19.74016301,12.52952535,125.5102285,133.4953039,10.01715748,45.67994828,6.857234861,88.22053411,50.37750168,4.922231029,37.84303243,16.12533274,1.722561737,9.385742407,75.45548219,15.1587754
MGV,Salohy,Lean,2022,September,28/09/2022,29726,Blue Purple,M,77.94377132,22.05622868,0,0,221.8214931,221.8214931,120.8242407,100.815693,67.56305118,29.69493348,13.24108391,9.755279402,69.17571605,15.14807641,3.405299386,8.825173007,118.7797339,52.96433562,456.930923,489.9313242,8.627143484,212.9963201,6.216578719,89.20339877,32.4774231,4.580022509,56.72597567,7.111895832,1.598759727,10.81056324,71.26906501,17.92037175
MGV,Salohy,Lean,2022,September,29/09/2022,30999,Orange Black,F,99.18857143,0.811428571,0,0,78.82337791,78.82337791,27.776293,21.58363635,13.24430668,9.570766459,6.436122348,7.764919054,30.29850263,7.875150338,7.82788575,6.547540885,38.28306583,25.74448939,212.3271461,230.9775315,8.247479408,72.27583703,8.904943357,80.35160576,41.9206527,10.74345089,38.43095306,10.8959656,10.83057087,11.14588472,58.59824103,30.25587425
MGV,Salohy,Lean,2022,September,30/09/2022,30490,Pink Pink,M,100,0,0,0,60.04600092,60.04600092,37.58125752,30.61387597,15.36573182,5.555432145,1.843953943,1.995713603,14.53145925,2.867601612,0.613849481,4.0936166,22.22172858,7.375815772,104.8369214,106.8085971,14.21360358,55.95238432,3.295577062,93.13761586,25.9711171,3.566807076,67.16649876,5.125074913,1.097092624,6.905638656,76.27790377,16.81645758
MGV,Salohy,Lean,2022,October,01/10/2022,31891,Gold Green,F,91.42917458,4.580958412,0,3.989867004,31.69726035,31.69726035,12.03930853,9.776644909,6.011742768,3.241386811,1.914510939,3.277334674,11.98083655,2.984544762,1.862369132,2.485269657,12.96554724,7.658043755,86.62942928,91.43471961,11.31221394,29.21199069,6.553853036,82.22700511,41.0134204,11.21914185,41.21358471,10.21684826,6.375358502,8.375422146,59.36548395,32.25909391
MGV,Salohy,Lean,2022,October,12/10/2022,31012,Blue Pink,F,96.91037014,2.233098807,0.856531049,0,79.12537756,79.12537756,42.34890843,36.05100231,20.74516446,6.020549818,1.973921549,5.007932233,23.28435489,4.358425013,1.341403571,6.510260463,24.08219927,7.895686195,170.6057246,171.3801268,21.60746012,72.6151171,2.718334181,90.38512356,32.06543736,6.896542254,58.3196862,6.002090456,1.847278673,4.60711889,69.09380493,26.29907618
MGV,Salohy,Lean,2022,October,13/10/2022,31246,Orange Orange,F,30.77293523,12.68962196,9.89646039,46.64098242,50.10871621,50.10871621,22.64209826,19.68702874,12.71652776,5.590575735,3.514630651,5.807252433,15.53216907,6.716660365,1.260068711,2.612565795,22.36230294,14.0585226,131.7151534,141.2638915,9.369060824,47.49615042,7.399822133,80.37339236,32.7019536,12.2267855,47.67143876,14.14148369,2.652991241,9.951957611,53.04971865,36.99832374
MGV,Salohy,Lean,2022,October,14/10/2022,31063,Red Yellow,M,54.48809281,0,6.309790352,39.20211683,285.5721642,285.5721642,96.72211031,78.14631878,30.32329103,23.53831735,16.9376227,4.429829355,130.3668698,58.29457421,4.889034853,37.11573209,94.1532694,67.75049078,635.3283577,677.3773537,9.377472404,248.4564321,6.817139951,91.39991995,52.47071636,1.782940098,38.92920359,23.46269473,1.967763447,10.00188306,84.1124073,5.885709639
MGV,Salohy,Lean,2022,October,15/10/2022,31321,Green Green,M,25.15898251,0,0,74.84101749,51.79582892,51.79582892,18.86200456,16.21614422,10.02085232,4.568957589,2.388465244,4.951567458,22.68550287,5.849723978,1.145777858,2.908288791,18.27583036,9.553860976,149.7355521,154.6277885,15.67277904,48.88754013,4.885631876,84.98588253,46.40344515,10.12848559,38.58243739,11.96567461,2.343701187,6.178618391,65.00113684,28.82024477
MGV,Salohy,Lean,2022,October,17/10/2022,31068,Black Yellow,M,57.58413266,0,0,42.41586734,75.70199243,75.70199243,37.26094453,32.13583308,18.87599734,6.078350857,2.201619906,6.405268548,24.49454927,7.326111839,1.441215374,5.339610174,24.31340343,8.806479625,184.1302366,186.1235369,20.90849515,70.36238225,3.128972948,87.76776997,34.8119954,9.103257085,52.95577457,10.41197243,2.04827541,4.731523897,64.29581252,30.97266358
MGV,Salohy,Lean,2022,October,18/10/2022,30318,Red Orange,M,54.5404361,3.284570798,32.10046922,10.07452388,225.9939426,225.9939426,75.37701243,62.070757,26.86162369,20.10271836,13.90499633,11.39708964,98.7711265,46.58650483,4.71546375,26.54371771,80.41087343,55.6199853,555.3217273,590.6022577,9.984212046,199.4502249,6.971662395,87.31408502,49.52169222,5.714252587,37.7923928,23.35745916,2.364230852,9.417502994,73.21483452,17.36766248
MGV,Salohy,Lean,2022,October,19/10/2022,30189,Silver Yellow,F,93.98898505,6.011014949,0,0,255.2758962,255.2758962,102.2957968,89.59887887,48.61621904,25.92237425,16.93482077,22.18940055,85.37153077,20.08418139,4.36058054,28.48434737,103.689497,67.73928309,619.4470126,664.211465,9.144575855,226.7915489,7.467130437,82.74881867,37.6431711,9.784050889,45.10564758,8.855789158,1.922726205,10.19845135,59.73512923,30.06641943
MGV,Salohy,Lean,2022,October,20/10/2022,29479,Purple Black,M,36.45897594,5.901706765,0,57.63931729,63.25317226,63.25317226,32.56129081,29.30444148,17.78844029,6.408791648,2.313920348,5.142344434,20.05191759,9.252766607,1.681544776,3.18369907,25.63516659,9.255681392,151.3981578,154.9610536,16.35732166,60.06947319,3.852073649,87.58726457,33.381211,8.560661783,54.20605356,15.40344224,2.799333316,5.972908143,64.16081332,29.86627854
MGV,Salohy,Lean,2022,October,21/10/2022,31192,Black Teal,F,55.75459024,26.04120018,0,18.20420958,524.5190302,524.5190302,310.0940343,253.6121819,141.8080933,30.1237591,14.50165624,34.38974549,142.1618417,58.34065063,16.19068563,23.37175244,120.4950364,58.00662497,1115.377013,1126.176925,19.22844181,501.1472778,2.893691513,90.2441051,28.36727805,6.862203392,61.87682705,11.64141824,3.23072405,5.15075595,67.36619919,27.48304486
MGV,Salohy,Lean,2022,October,22/10/2022,31522,Silver Pink,F,88.0875576,3.640552995,0,8.271889401,73.921988,73.921988,34.17109006,29.00687886,17.00972676,6.982154943,3.623839483,4.073408774,25.14714988,7.624186665,1.544539141,6.906499802,27.92861977,14.49535793,163.3901624,171.2325414,11.27189567,67.0154882,5.407465618,88.5142249,37.52438512,6.078309482,50.98983978,11.37675315,2.304749518,8.46530561,70.12481595,21.40987844
MGV,Salohy,Abundant,2022,November,03/11/2022,21704,Yellow,F,6.831922612,0,0,93.16807739,39.60457202,39.60457202,17.87125482,18.31417141,11.57447133,6.704822112,3.539444058,3.821206371,10.62357803,1.927978185,0.504769831,3.749088748,26.81928845,14.15777623,90.55667938,101.1500441,6.396250224,35.85548328,9.871416403,79.47133951,29.62887976,10.65724409,49.84245975,5.377080461,1.407789784,13.99680678,52.0033491,33.99984413
MGV,Salohy,Abundant,2022,November,04/11/2022,29470,Orange Silver,F,52.12630756,0,45.84025809,2.033434353,202.7750731,202.7750731,64.51255532,47.79355074,28.18617908,22.16643585,14.88437875,37.34728373,72.5217898,17.41508672,3.06329071,13.50906551,88.6657434,59.53751499,675.5648176,716.852576,11.3468763,189.2660076,7.864264131,72.40304102,38.31738764,19.73269485,34.08565338,9.201381135,1.618510766,8.305405739,44.80551765,46.88907662
MGV,Salohy,Abundant,2022,November,05/11/2022,31263,Blue Pink,F,43.64923911,19.12008438,24.40861835,12.82205816,102.8244505,102.8244505,46.33294701,38.88216198,22.90898848,13.12492766,7.043208401,6.641191955,35.7146772,10.34497093,2.701506143,7.092425938,52.49971064,28.17283361,238.0741409,256.9927739,8.450486175,95.73202457,7.357212419,85.70551452,37.30692771,6.937273065,48.3985868,10.80617586,2.821946109,10.9625003,65.77975332,23.25774639
MGV,Salohy,Abundant,2022,November,07/11/2022,30981,Silver Pink,F,98.7450881,0,0,1.254911903,191.2560359,191.2560359,81.37188755,69.85513262,37.41000828,19.59723537,12.2602866,16.77685219,62.2326868,18.40601784,3.884490404,18.61432274,78.38894149,49.04114642,462.1719109,494.0000141,9.424166127,172.6417131,7.101578397,83.18069355,36.0473061,9.717728056,47.13338745,10.66139666,2.250030038,9.927357291,59.50752825,30.56511446
MGV,Salohy,Abundant,2022,November,08/11/2022,29564,Orange Teal,F,0,0,100,0,74.76415916,74.76415916,29.72743498,24.96360308,15.5519486,12.06664222,8.001459281,3.867183346,27.18453844,8.828705206,1.217028547,5.983543117,48.2665689,32.00583712,166.2842916,191.5613544,5.195436413,68.78061604,11.63330563,82.74420424,39.52354603,5.622490127,43.22065821,12.83603683,1.769435369,16.70787786,65.12319124,18.1689309
MGV,Salohy,Abundant,2022,November,09/11/2022,30985,Purple Yellow,F,63.00027226,0.789545331,36.21018241,0,172.6077401,172.6077401,81.33902728,65.64885703,39.44268228,32.6472767,21.03232306,12.15066286,42.70548252,16.12727932,2.414743486,15.38024435,130.5891068,84.12929225,342.4022517,410.9968474,4.069952837,157.2274957,13.37700061,78.8949218,27.16158667,7.728077589,51.73333513,10.25728944,1.535827735,20.46957119,52.92293378,26.60749503
MGV,Salohy,Abundant,2022,November,10/11/2022,30848,Silver Teal,F,53.71644873,0,46.28355127,0,68.81127039,68.81127039,35.24443905,30.11648605,17.12772104,6.488106154,2.951079499,3.609231349,22.22273484,5.798801469,1.820500462,4.783785647,25.95242462,11.804318,148.3360174,153.947321,12.56625054,64.02748474,4.609082351,89.75391447,34.70811782,5.637003177,55.04579666,9.056737888,2.843310914,7.667764478,71.23210729,21.10012823
MGV,Salohy,Abundant,2022,November,11/11/2022,30660,Red Yellow,M,100,0,0,0,252.9843986,252.9843986,108.3218568,93.92574899,51.32563676,25.3436569,15.87500121,21.72339529,82.52790808,25.41236234,4.766936719,24.53623728,101.3746276,63.50000484,608.4884103,649.2198193,9.58249392,228.4481614,6.949060617,83.54182574,36.12544202,9.509113647,47.41638372,11.12390758,2.086660138,9.780971399,60.10433528,30.11469332
MGV,Salohy,Abundant,2022,November,12/11/2022,30922,Pink Pink,M,98.98406248,1.01593752,0,0,508.1285157,508.1285157,299.6643433,259.4202292,138.231463,32.935513,13.14021813,18.36248033,152.9179911,65.76675196,12.85879831,24.04348283,131.742052,52.56087252,1006.17751,1013.006816,19.14308994,484.0850328,2.714444207,93.49232132,31.58907644,3.793234471,61.90324488,13.58578504,2.656309829,5.188600086,78.49736131,16.3140386
MGV,Salohy,Abundant,2022,November,14/11/2022,31512,Orange Black,F,59.01858736,0,40.98141264,0,113.2633246,113.2633246,56.6373585,47.57593427,27.88520337,16.45197775,8.966293596,5.641365112,32.0055354,7.667405975,1.157261798,10.01277201,65.807911,35.86517438,222.1220068,247.793482,6.193250435,103.2505526,8.684015116,85.85222225,30.99793133,5.463762633,54.85429092,7.426019311,1.120828672,14.4738167,65.03642481,20.48975849
MGV,Salohy,Abundant,2022,November,24/11/2022,26787,Yellow Teal,F,86.20262954,12.11136891,1.686001547,0,156.6081241,156.6081241,78.74802024,65.0875218,36.85896845,19.4570377,10.16070723,8.249645117,50.15394989,13.89818932,3.563682572,9.295801616,77.82815081,40.64282893,335.1048411,361.6529389,8.245116049,147.3123225,6.897391244,87.5025035,34.04599768,5.600105258,53.45650582,9.434505606,2.419134063,11.23807512,68.23207483,20.52985005
MGV,Salohy,Abundant,2022,November,25/11/2022,27011,Orange Silver,F,63.50148368,0,11.45658625,25.04193007,110.2871406,110.2871406,47.88692838,40.16022277,23.68407633,19.97884781,10.99448295,4.959584068,39.20285728,13.60330687,2.122591683,7.243287947,79.91539122,43.97793178,238.0811859,272.1332751,5.413651263,103.0438527,10.66971261,84.51720641,38.04482875,4.813080974,46.47237767,13.20147347,2.059891617,16.16043895,67.43720944,16.40235161
MGV,Salohy,Abundant,2022,November,26/11/2022,28297,Green Pink,F,28.86651175,62.94861864,8.18486961,0,224.451386,224.451386,95.43119063,80.80397247,51.52514221,23.73040958,9.725286836,10.07646722,97.17748006,11.36145933,2.70318535,12.04096122,94.92163833,38.90114735,552.402986,571.1035086,14.20017207,212.4104247,4.578535563,90.67759783,45.74986382,4.74386661,44.92773401,5.348823788,1.272623673,6.811575618,77.30895532,15.87946906
MGV,Salohy,Abundant,2022,November,28/11/2022,30874,Black Yellow,M,20.76811067,72.62468147,6.607207863,0,201.443255,201.443255,93.45943178,75.73923179,43.44514807,31.15420579,17.10899207,6.603299761,70.96164539,13.06288948,3.248526932,13.309886,124.6168231,68.43596827,414.7727447,465.07882,6.060741963,188.133369,9.094076271,87.3960202,37.71879798,3.509903531,49.67722222,6.943419739,1.726714909,14.71491827,72.50666756,12.77841417
MGV,Salohy,Abundant,2022,November,29/11/2022,30023,Silver Yellow,F,50.96618357,0,49.03381643,0,283.4628104,283.4628104,113.8564884,95.75082531,59.83326076,47.12971664,29.99490601,13.78514335,102.7129002,34.01127209,4.74536853,23.1133725,188.5188665,119.979624,622.0181046,716.4860757,5.18436451,260.3494379,11.52101815,83.18411989,39.45193853,5.294861958,43.73218136,13.06370099,1.822692059,16.74556256,65.93849868,17.31593876
MGV,Salohy,Abundant,2022,November,30/11/2022,23101,Black Teal,F,2.179023508,0.226039783,97.59493671,0,300.7068297,300.7068297,81.04119816,70.67670808,36.9305078,59.20903306,34.30317847,8.431850886,154.2475008,23.80061163,1.836908366,22.68310142,236.8361322,137.2127139,754.8731778,865.022277,5.501481287,278.0237283,12.33821972,84.62899925,55.4799771,3.032781028,29.14902215,8.560640406,0.660702012,15.86233297,75.36486891,8.772798111
MGV,Salohy,Abundant,2022,December,01/12/2022,30317,Purple Black,M,18.98562129,0,81.01437871,0,251.9010684,251.9010684,70.44631922,60.34379213,31.69048032,48.62570815,28.82327772,9.530731949,125.250712,21.01523507,3.71687818,17.85002752,194.5028326,115.2931109,640.6708698,733.2928846,5.556887701,234.0510409,12.31495387,83.61297197,53.51427259,4.072074156,30.09869939,8.978911176,1.588063085,15.72265507,72.57989234,11.69745259
MGV,Salohy,Abundant,2022,December,02/12/2022,31232,Green Green,M,1.543490104,72.39876521,26.05774469,0,165.3623972,165.3623972,50.32690243,41.01598306,19.53643054,38.79687352,20.85200667,10.56790596,73.89721285,9.81163616,1.983867884,9.718369284,155.1874941,83.40802667,429.2000854,497.7254963,5.145788751,155.6440279,13.39724174,79.81296613,47.47834777,6.789792133,32.33461836,6.303895043,1.274618699,16.75783686,64.13300471,19.10915843
MGV,Salohy,Abundant,2022,December,03/12/2022,31707,Gold Green,F,30.14208567,31.2273895,38.63052483,0,329.2179572,329.2179572,139.5849445,119.4938002,62.30647406,53.36479028,30.8368009,15.6241313,124.94604,30.02542868,5.405205935,18.22604053,213.4591611,123.3472036,747.1838243,840.9014117,6.05756598,310.9919167,9.915627784,85.06040521,40.17661981,5.02396701,44.8837854,9.654729613,1.738053514,14.66845006,68.60935401,16.72219594
MGV,Salohy,Abundant,2022,December,05/12/2022,30089,Yellow Teal,F,61.58430863,32.57477243,5.840918942,0,171.0519867,171.0519867,73.07826335,60.64394025,36.49976371,22.27457215,13.22712277,12.71603078,64.93996546,16.56230861,11.31711731,7.09060434,89.09828862,52.90849106,430.1090103,467.6228226,8.129300263,163.9613824,8.067218375,84.1772781,39.60686628,7.75550352,44.57041183,10.10134726,6.902306595,11.31435176,64.21201875,24.47362949
MGV,Mihary,Abundant,2023,January,16/01/2023,31500,Blue Pink,F,95.92137592,4.078624079,0,0,187.1431485,187.1431485,91.25966699,76.50487607,43.89449872,24.989065,16.77000834,10.13318495,56.57254032,24.3894297,4.678413357,12.40774791,99.95626002,67.08003337,387.3024711,437.5396211,5.773737007,174.7354006,9.597373105,84.60346719,32.37611848,5.79915971,52.22734871,13.9579213,2.677427322,15.33119063,63.82528797,20.8435214
MGV,Mihary,Abundant,2023,January,17/01/2023,29041,Purple Black,M,92.62756127,7.37243873,0,0,392.719639,392.719639,161.1436394,120.1513229,67.93922519,40.6632512,29.38110104,34.10273551,147.5418197,44.46391355,9.189117759,20.55034341,162.6530048,117.5244042,1020.366783,1102.546419,8.682169375,372.1692956,7.894552663,82.94221546,39.6437378,9.163231872,43.29847767,11.9472278,2.469069283,10.6593611,61.5028432,27.83779569
MGV,Mihary,Abundant,2023,January,18/01/2023,25580,Orange orange,F,95.94494962,4.055050381,0,0,171.2692443,171.2692443,68.1496844,54.55648669,32.94119339,28.07258746,17.92064144,14.9305113,59.2961636,11.90178604,10.36850202,10.97224357,112.2903498,71.68256577,423.6937647,479.9620985,5.910694743,160.2970007,11.17964863,79.50607148,36.99143672,9.31427989,42.51463476,7.424833892,6.468306935,14.93504716,57.06803346,27.99691937
MGV,Mihary,Abundant,2023,January,19/01/2023,28465,Black Teal,F,92.62756127,7.37243873,0,0,223.6372749,223.6372749,119.2073801,104.068224,65.46771429,28.08928023,17.19126112,10.5574489,64.02335275,31.83286641,3.463718785,12.65783195,112.3571209,68.76504447,442.3040969,490.9417866,6.432106607,210.9794429,8.148310983,86.84767121,30.34577771,5.004017809,56.5018935,15.08813654,1.641732833,14.00676136,66.63920469,19.35403395
MGV,Mihary,Abundant,2023,February,15/02/2023,30011,Yellow ,F,100,0,0,0,467.6166514,333.6213065,161.870022,134.8078859,74.77413576,31.72707341,17.96357902,27.89870846,105.40665,43.2041629,12.33185806,20.48234695,126.9082937,71.85431607,796.5455431,838.3739416,11.08556294,313.1389595,5.736615796,85.35401422,33.66130174,8.90936998,51.69271248,13.79712156,3.938142375,8.570676223,61.47987477,29.94944901
MGV,Mihary,Abundant,2023,February,16/02/2023,30871,Blue Pink,F,100,0,0,0,208.124598,143.294871,75.1999948,64.53222141,37.99715166,11.73157333,6.47465697,11.31699941,42.7583112,18.02048963,4.944541118,7.5449086,46.92629332,25.89862788,330.4142355,343.416325,12.75798228,135.7499624,4.769546051,86.89380382,31.49784387,8.336650125,55.39595996,13.27476583,3.642388574,7.541466726,62.79978171,29.65875157
MGV,Mihary,Abundant,2023,February,17/02/2023,30105,Silver Yellow,F,100,0,0,0,449.2678531,363.1617347,165.8203645,137.0797498,75.04024937,37.41972581,20.90489805,32.01728984,120.3528559,46.83044321,13.86554199,24.0663264,149.6789032,83.61959219,896.4196109,947.3546469,10.72021027,339.0954083,6.16490154,84.39312754,35.49232839,9.44197092,48.90079915,13.81040323,4.088979576,8.826640843,60.75649157,30.41686759
MGV,Mihary,Abundant,2023,March,08/03/2023,19460,Red Yellow,M,92.62756127,7.37243873,0,0,461.4016262,461.4016262,259.0562569,206.1755397,119.8435291,39.56938078,25.68695248,25.69040893,130.371327,44.72526021,11.81687607,20.59668089,158.2775231,102.7478099,950.8770249,1012.098688,9.254474869,440.8049453,5.827283191,88.3446495,29.57574055,5.828067312,58.76890894,10.14627006,2.680749433,10.15195565,67.00307054,22.84497382
MGV,Mihary,Abundant,2023,March,09/03/2023,28737,Orange Teal,F,100,0,0,0,129.5891608,129.5891608,61.72829974,50.59831864,28.27848051,9.16662928,4.752405339,6.655126315,48.30933978,14.56326924,3.553002938,8.143989604,36.66651712,19.00962136,300.3556453,307.7022422,15.80019084,121.4451712,3.913210623,90.60684625,39.77872427,5.47994313,50.82812198,11.99164125,2.925602478,6.177927475,74.35645654,19.46561598
MGV,Mihary,Abundant,2023,March,10/03/2023,22807,Yellow Pink,M,100,0,0,0,403.6902681,403.6902681,276.6672968,214.5635413,92.09267471,30.95995662,18.16782062,16.85770193,79.839437,33.17866108,9.751387001,12.15801168,123.8398265,72.67128246,682.7275475,719.0667058,9.394736467,391.5322564,4.640184894,91.05424343,20.39153498,4.305571676,70.66270845,8.474055594,2.490570532,10.10633393,68.79418863,21.09947745
MGV,Mihary,Abundant,2023,March,11/03/2023,30592,Pink Pink,M,99.63323234,0.366767661,0,0,425.5676489,425.5676489,286.5648903,222.6121074,101.7446052,29.13439397,18.41539841,14.83932235,93.13730537,36.0319928,10.80722678,12.61073246,116.5375759,73.66159365,725.3252637,760.685769,9.846722393,412.9569165,4.459399438,91.94716944,22.55375843,3.59343112,69.39341101,8.725363679,2.617034936,9.683577195,72.75938328,17.55703953
MGV,Mihary,Abundant,2023,March,13/03/2023,30659,Gold Green,F,100,0,0,0,254.0269677,254.0269677,158.3572318,121.8222027,50.86712544,19.07764863,10.4199342,9.467140752,68.57232013,34.24116474,5.91837105,7.210340848,76.31059451,41.67973679,480.6368296,499.4541393,11.53166662,246.8166269,4.22173106,91.94257081,27.78269884,3.835698134,64.15987196,13.87311916,2.397881831,8.345057837,74.59546461,17.05947755
MGV,Mihary,Abundant,2023,March,14/03/2023,27889,Blue Purple,M,94.96639283,5.03360717,0,0,35.32724644,35.32724644,25.01599343,19.37667993,8.979056387,2.097629592,1.295659556,0.521052754,6.247865925,3.991623024,0.691557525,2.246674777,8.390518368,5.182638224,48.81817346,50.8213595,9.419560339,33.08057167,3.916678252,94.50821972,18.88681365,1.575102024,75.62140607,12.06636652,2.09052471,10.19775597,80.57487422,9.227369813
MGV,Mihary,Abundant,2023,March,15/03/2023,26059,Silver Teal,F,100,0,0,0,230.7950953,230.7950953,39.65452539,23.849867,12.01331901,12.68501558,8.689466941,12.27059475,148.4094157,30.17989488,8.992926321,21.77109245,50.74006231,34.75786776,734.4087276,748.3950367,21.12928021,209.0240028,4.157162251,89.97241397,71.00113562,5.870423774,18.97127835,14.43848289,4.302341454,4.644320988,80.59938757,14.75629144
MGV,Mihary,Abundant,2023,March,16/03/2023,27133,Red Orange,M,100,0,0,0,47.19170148,47.19170148,22.28737398,17.85188952,7.448204173,4.57172033,3.138885663,1.912929081,16.33497969,6.655686337,2.074360474,3.517533071,18.28688132,12.55554265,99.60612156,107.9144111,7.933239074,43.67416841,7.187053074,88.43294577,37.40192494,4.380001155,51.03102083,15.23941171,4.749627869,11.63472286,72.41155831,15.95371883
MGV,Mihary,Abundant,2023,March,17/03/2023,27060,Yellow Teal,F,100,0,0,0,456.6110261,456.6110261,338.7636708,260.2925919,108.593475,30.89540012,19.22106661,13.13423415,75.53466624,34.0678168,10.68533301,9.95738822,123.5816005,76.88426646,679.5009805,715.2902546,8.837971822,446.6536378,4.303349393,92.75606465,16.91123946,2.940585957,75.84482519,7.627345646,2.392308515,10.74868083,72.72542544,16.52589373
MGV,Mihary,Abundant,2023,March,18/03/2023,28168,Orange Orange,F,100,0,0,0,226.7276527,226.7276527,127.0555779,108.9912196,63.64197277,15.99497175,8.465167926,15.61879119,64.18424419,26.85031661,6.672424809,11.4038715,63.97988698,33.8606717,494.5036146,507.9587976,14.60406985,215.3237812,3.931366929,88.8150027,29.80824683,7.253630372,59.00675587,12.46974043,3.098786753,6.666027218,65.66064152,27.67333126
MGV,Mihary,Abundant,2023,March,29/03/2023,27879,Black Teal,F,75.1552795,24.8447205,0,0,46.77342809,46.77342809,21.73957108,15.55621908,10.00406231,6.58227914,4.1235054,8.153335246,10.06383054,4.274678237,0.774800255,2.693185826,26.32911656,16.4940216,130.2661112,142.5505243,7.897777413,44.08024226,9.354543416,72.14888119,22.83070605,18.4965754,49.31817513,9.697492613,1.757704166,11.57064955,36.95285286,51.47649759
MGV,Mihary,Abundant,2023,March,30/03/2023,31502,Blue Pink,F,83.08649289,13.29976303,0,3.613744076,137.7921708,137.7921708,67.75109195,55.65466403,32.31460848,13.75542285,6.195490073,17.11255949,39.41453795,12.4339434,2.275540372,7.318491321,55.0216914,24.78196029,363.5007726,375.8814375,14.6679588,130.4736795,4.748459688,82.1358226,30.20880389,13.11571771,51.92701871,9.529848049,1.744060857,6.593025838,52.43314038,40.97383378
MGV,Mihary,Abundant,2023,March,31/03/2023,29699,Yellow Teal,F,83.82999511,16.17000489,0,0,89.75951813,89.75951813,35.8962743,31.86892334,23.57141181,9.860067243,4.680335952,19.78965076,22.96592872,10.49032021,1.883122043,6.427328401,39.44026897,18.72134381,297.4312215,308.0742087,15.88727949,83.33218973,5.616480218,70.63561297,27.55949267,23.74790681,43.07612031,12.588557,2.259777462,6.076894228,36.11013351,57.81297226
MGV,Mihary,Abundant,2023,April,01/04/2023,29415,Purple Black,M,84.27633636,12.31634886,0,3.407314786,73.58013798,73.58013798,27.55118547,21.73803578,14.7668088,5.490581261,2.402657408,9.129362196,14.75194959,6.61728165,0.965656819,19.74498332,21.96232504,9.610629631,162.248715,165.2371322,16.88221493,53.83515466,4.4629897,78.57901649,27.40207525,16.95799381,51.17694124,12.29174819,1.79372907,5.816265086,44.45867696,49.72505796
MGV,Mihary,Abundant,2023,April,03/04/2023,30002,Silver Yellow,F,85.39502058,14.60497942,0,0,166.3354019,166.3354019,69.77627921,60.123654,40.50103474,17.21660128,8.575163271,30.17061084,46.59367197,20.89285332,4.693218975,11.21967663,68.8664051,34.30065308,511.289039,530.6195059,14.90610216,155.1157253,5.528235938,75.02137579,30.03800671,19.45038827,44.98336908,13.4692039,3.025624234,6.464265392,42.36243726,51.17329735
MGV,Mihary,Abundant,2023,April,04/04/2023,24890,Orange Silver,F,35.76455534,64.23544466,0,0,47.72674887,47.72674887,18.34165726,12.89461376,11.50492854,6.887274635,3.676405605,9.763149013,11.38680785,4.231674724,0.578275413,4.558729144,27.54909854,14.70562242,147.4469403,157.8571553,10.02656916,43.16801972,8.516502793,68.8668725,26.37787862,22.61662471,42.48899388,9.802800201,1.339592173,9.315778173,35.02102371,55.66319812
MGV,Mihary,Abundant,2023,April,19/04/2023,29995,Gold Green,F,92.73387829,0,0,7.266121708,74.9537836,74.9537836,32.92533494,30.40562603,20.1458243,7.522098701,3.547953026,18.657614,13.11879541,7.87551208,1.02522769,6.704086225,30.0883948,14.1918121,245.5815889,253.0275604,17.30445605,68.24969738,5.198489022,67.4642264,19.22176349,27.33728458,48.24246291,11.539263,1.502171775,5.608800906,28.02746951,66.36372958
MGV,Mihary,Abundant,2023,April,20/04/2023,26993,Orange Teal,F,86.45745931,11.57912401,0,1.963416681,91.44836216,91.44836216,39.87887386,36.92846572,29.14111565,9.174938986,3.788992362,22.7749267,18.5862186,10.11708181,1.332572192,6.419350641,36.69975595,15.15596945,309.8265532,316.75217,20.44254274,85.02901152,4.456117147,68.75899345,21.8586789,26.7848894,46.90031455,11.89838812,1.567197087,4.784803668,30.50393003,64.7112663
MGV,Mihary,Abundant,2023,April,21/04/2023,28491,Red Yellow,M,81.72123016,18.27876984,0,0,88.00938719,88.00938719,35.08867993,32.3082229,26.71109372,10.21155632,4.257078635,23.92591674,18.06954841,9.30890638,1.116127272,6.668163467,40.84622529,17.02831454,314.4542845,323.5617542,18.46655368,81.34122372,5.233605348,65.35213747,22.21450279,29.41425718,43.13763468,11.44426645,1.372154513,5.262771115,28.1863316,66.55089729
MGV,Mihary,Abundant,2023,April,22/04/2023,30296,Blue Purple,M,69.84821551,25.95378094,0,4.198003555,146.2416997,146.2416997,68.79893838,60.5960929,41.43126672,16.5706176,7.340909353,24.59190246,33.95529887,15.05052404,2.382007383,11.55465065,66.28247041,29.36363741,409.7795054,425.9813899,13.9553387,134.6870491,5.450345378,76.29110443,25.21051512,18.25855019,51.08058931,11.17444041,1.768549686,6.893173765,41.14983296,51.95699328
MGV,Mihary,Abundant,2023,April,24/04/2023,28202,Silver Teal,F,9.310653536,90.68934646,0,0,403.9805506,206.1129372,99.64638717,79.67534413,47.33105641,33.42451974,17.69669029,8.23741828,67.76081319,9.326386179,2.60898451,12.77162823,133.698079,70.78676117,421.4095035,473.6461003,5.953224819,193.3413089,9.153082903,86.58635926,35.04725067,4.260557832,51.5391086,4.823793855,1.349419079,14.94507421,69.40257175,15.65235404
MGV,Mihary,Abundant,2023,April,25/04/2023,27862,Black Teal,F,67.95073375,20.41404612,0,11.63522013,84.59516394,84.59516394,35.99898645,32.53270269,23.32636337,9.818956114,4.677763868,19.95115686,17.08496372,8.177153195,1.063035551,6.882293047,39.27582445,18.71105547,275.4394912,286.5369819,14.72068166,77.71287089,6.019291032,68.3077971,21.98472856,25.67291187,46.32306854,10.52226369,1.367901532,6.530066502,30.80423133,62.66570217
MGV,Mihary,Abundant,2023,April,26/04/2023,30608,Black Yellow,M,75.39564787,24.60435213,0,0,64.29086518,64.29086518,25.80516803,22.68637807,18.87533863,7.194836563,3.412462022,18.96831608,11.44723819,7.396161461,0.842294736,4.657680853,28.77934625,13.64984809,236.2447511,244.1084213,17.30750038,59.63318433,5.722421267,62.4692554,19.19608741,31.80832333,43.27316799,12.40276122,1.412459767,5.591715361,24.47425948,69.93402516
MGV,Mihary,Abundant,2023,April,27/04/2023,29696,Pink Pink,M,94.54995871,5.450041288,0,0,114.2443257,114.2443257,43.66339976,40.99849004,35.48897802,12.52232792,5.124324519,35.12562649,21.58639103,14.11010424,1.743601658,8.744583891,50.08931167,20.49729808,435.8787033,446.0940121,21.26517855,105.4997418,4.857191526,61.8482943,20.46108423,33.29451417,41.38721007,13.37453912,1.652707038,4.5948382,24.53879063,70.86637117
MGV,Mihary,Abundant,2023,April,28/04/2023,29095,Orange Orange,F,71.05708245,24.58773784,0,4.355179704,116.7318548,116.7318548,52.93324131,46.73091317,31.77711251,13.3367725,5.36200815,16.30525351,33.55589471,11.94535854,2.553527639,8.575457164,53.34709001,21.4480326,321.46479,332.4069557,14.98807821,108.1563977,4.957643066,79.9667314,31.02534425,15.07562554,48.94138714,11.0445233,2.360958477,6.452341695,49.4007838,44.14687451
MGV,Mihary,Abundant,2023,April,29/04/2023,30294,Yellow Pink,M,89.1237961,10.8762039,0,0,118.1143975,118.1143975,54.28334182,48.06362926,33.72714114,15.59362963,6.396292858,19.14972548,29.23262777,9.887976954,1.735916505,9.052409628,62.37451851,25.58517143,330.8047969,345.7596725,12.9295517,109.0619879,5.864823281,76.57660673,26.8036814,17.55856999,49.77292534,9.066382469,1.591678767,7.399697959,42.75425491,49.84604713
MGV,Mihary,Lean,2023,May,17/05/2023,30294,Blue Pink,F,100,0,0,0,102.6764256,102.6764256,54.84316179,43.8470522,16.46915341,8.124569323,5.231423269,5.705554253,26.83007711,12.98694921,2.819843229,10.06620919,32.49827729,20.92569307,200.6253155,212.3101302,9.58751114,92.61021641,5.648861941,88.1903121,28.97096902,6.160825959,59.21934308,14.023236,3.044851139,9.85619153,65.95749752,24.18631095
MGV,Mihary,Lean,2023,May,18/05/2023,30877,Yellow Teal,F,96.24116115,3.758838854,0,0,100.408689,100.408689,45.48444536,44.96212565,33.9516222,11.16996964,3.741681447,15.60562715,30.28616641,19.41272402,2.517929468,5.290768655,44.67987856,14.96672579,296.3909107,302.3208544,19.80332338,95.11792036,3.933729241,79.6596598,31.84065242,16.40661096,47.81900738,20.40911318,2.647166231,4.95060978,48.59191226,46.45747796
MGV,Mihary,Lean,2023,May,19/05/2023,30298,Silver Yellow,F,100,0,0,0,80.90194351,80.90194351,43.12546679,33.83583214,12.71747604,7.046743451,4.751123033,7.916886641,18.59395892,8.765733661,1.839886553,6.514508118,28.1869738,19.00449213,178.6187975,190.3421148,9.398767212,74.38743539,6.386996686,82.9702293,24.99610159,10.64277401,57.97412771,11.78389014,2.4733835,9.984386354,52.58197482,37.43363882
MGV,Mihary,Lean,2023,May,23/05/2023,30298,Gold Green,F,94.43526171,0,0,5.564738292,65.52118393,65.52118393,32.55152258,27.28642074,5.668771146,5.524479461,1.548113059,3.237594931,24.57354983,4.573320061,0.945840216,3.610403526,22.09791785,6.192452236,152.3344685,152.6300142,24.60002317,61.9107804,2.50055491,92.26999247,39.69187543,5.229452624,52.57811704,7.386952694,1.527747204,4.057165473,76.85199284,19.09084169
MGV,Mihary,Lean,2023,May,24/05/2023,29103,Pink Pink,M,100,0,0,0,38.4066003,38.4066003,11.88839494,13.23587563,10.6862353,3.27304729,1.299180706,7.670110592,15.63904828,10.236634,1.185931942,1.90986578,13.09218916,5.196722824,140.6818106,142.4219394,27.07125536,36.49673452,3.559717665,75.42440052,42.85054126,21.01588181,32.57385926,28.04808193,3.249419319,3.648821836,47.88182321,48.46935495
MGV,Mihary,Lean,2023,June,07/06/2023,30011,Silver Teal,F,100,0,0,0,110.0796628,110.0796628,46.7276744,38.93677539,19.63528877,10.63666737,5.023753663,6.107788172,47.82703587,18.33463677,3.434697182,4.393410697,42.54666948,20.09501465,282.024908,292.212753,14.03457091,105.6862521,4.753459946,89.46737006,45.25379122,5.779169996,44.21357884,17.34817576,3.249899692,6.876843822,74.31148797,18.81166821
MGV,Mihary,Lean,2023,June,08/06/2023,29368,Orange Teal,F,99.72541617,0.274583834,0,0,85.39357474,85.39357474,27.16049987,30.85132269,25.96893793,7.376119548,2.834740071,18.61344099,32.90578954,23.8088312,2.643405902,3.879104266,29.50447819,11.33896028,319.9219095,323.5754481,28.21439546,81.51447048,3.477591223,73.68788518,40.36803447,22.83452359,33.31985071,29.20810386,3.242867048,3.504270905,44.72388734,51.77184176
MGV,Mihary,Lean,2023,June,09/06/2023,29707,Green Pink,F,99.04013962,0.959860384,0,0,29.0644105,29.0644105,7.688006699,6.823554146,4.237466737,3.837325793,1.717502048,0.850246923,18.43496913,4.332742346,0.82583822,0.373685707,15.34930317,6.870008194,87.27342393,91.52763518,12.70354001,28.6907248,5.986262322,91.05024711,64.2541074,2.963490568,26.79613971,15.10154371,2.878415328,7.505938704,84.13350189,8.360559402
MGV,Mihary,Lean,2023,June,12/06/2023,29708,Black Teal,F,100,0,0,0,571.9445181,571.9445181,351.0802611,319.9829128,204.9501034,33.6016332,13.12989026,15.65956022,176.3729525,137.0121685,10.825058,15.7018541,134.4065328,52.51956104,1115.004252,1116.048806,21.23026601,556.242664,2.36046084,94.82430019,31.70791525,2.815238966,63.11638495,24.63172592,1.946103508,4.705848056,82.66602661,12.62812533
MGV,Mihary,Lean,2023,June,13/06/2023,29398,Blue Purple,M,100,0,0,0,129.1792632,129.1792632,46.08885613,42.10278621,27.06911747,10.59605619,7.373543893,5.478861025,66.377287,18.32382355,4.674189798,3.860715191,42.38422477,29.49417557,350.0768722,367.9449141,11.86935608,125.3185481,5.883840826,89.74421176,52.96684971,4.371947418,36.77736205,14.62179688,3.729846755,8.015921527,78.58268404,13.40139443
MGV,Mihary,Lean,2023,June,14/06/2023,29406,Silver Yellow,F,100,0,0,0,53.18967418,53.18967418,13.21307353,11.88626861,7.417662181,6.901007565,3.036063122,1.514259881,34.93522673,8.336533309,1.572924611,0.491050922,27.60403026,12.14425249,163.4772471,170.8344289,13.46128527,52.69862326,5.761181098,91.36538543,66.29248464,2.873433473,25.07290079,15.81926205,2.984754656,7.108785135,84.91370178,7.977513089
MGV,Mihary,Lean,2023,June,15/06/2023,28783,Purple Black,M,100,0,0,0,4.216108176,4.216108176,1.047341391,0.942171484,0.587964989,0.547012082,0.240655179,0.120028625,2.769159566,0.660799804,0.124678717,0.038923416,2.188048328,0.962620715,12.95811205,13.54128303,13.46128527,4.177184761,5.761181098,91.36538543,66.29248464,2.873433473,25.07290079,15.81926205,2.984754656,7.108785135,84.91370178,7.977513089
MGV,Mihary,Lean,2023,June,16/06/2023,29408,Pink Pink,M,100,0,0,0,23.59973593,23.59973593,9.39259996,7.671656224,3.72961277,2.192347659,0.945829323,2.404324934,9.044258585,3.386530295,0.726531026,1.812723128,8.769390637,3.783317292,65.00129771,66.66063877,17.18103259,21.7870128,4.341252891,84.62315928,41.51215528,11.03558783,43.111004,15.54380275,3.334697754,5.675489107,61.86318918,32.46132171
MGV,Mihary,Lean,2023,July,05/07/2023,25203,Yellow Teal,F,100,0,0,0,47.5216497,47.5216497,13.18585811,11.68114457,6.78057166,5.495600681,2.540616047,1.392043258,29.74757059,7.334968817,1.348057678,0.655561687,21.98240272,10.16246419,141.6058532,147.4913689,13.93420439,46.86608801,5.421011557,91.60873145,63.47355168,2.970256996,28.13517976,15.65090907,2.876403248,6.890209418,84.61547026,8.494320324
MGV,Mihary,Lean,2023,July,06/07/2023,30003,Orange Teal,F,98.68667917,1.313320826,0,0,17.92253952,17.92253952,5.805493684,5.111768901,2.804118267,1.679429608,0.843742593,0.74344162,10.12418703,2.805825531,0.477507226,0.405674598,6.717718431,3.37497037,51.62892535,53.39086716,15.29759366,17.51686492,4.8167443,90.939108,57.79679794,4.244147703,33.14231005,16.01785219,2.725985661,6.321250337,81.1466914,12.53205827
MGV,Mihary,Lean,2023,July,07/07/2023,29693,Blue Pink,F,95.12814007,4.871859934,0,0,60.71427811,60.71427811,22.64340743,19.43047369,9.457920092,4.464155134,2.555364702,1.904539678,31.88441265,8.906048718,1.497747482,1.72655365,17.85662054,10.22145881,162.0007144,166.7578882,15.84907961,58.98772446,4.332027936,92.43926695,54.05262356,3.228705116,38.38664339,15.09813915,2.539083336,6.129520421,83.59159125,10.27888833
MGV,Mihary,Lean,2023,July,08/07/2023,25200,Silver Teal,F,100,0,0,0,35.8347006,35.8347006,14.23470296,12.20333891,5.967801359,2.707587508,1.48711919,1.16934765,17.78620273,5.191564076,0.898336135,1.157328072,10.83035003,5.948476759,92.55848754,95.28184125,15.5600318,34.67737253,4.288442524,92.33948063,51.29051435,3.372076847,41.04896628,14.9710422,2.590554214,6.243032966,82.71170519,11.04526184
MGV,Mihary,Lean,2023,July,10/07/2023,30313,Green Green,M,96.26756133,3.732438666,0,0,69.03191885,69.03191885,25.99846034,21.42636395,13.01821369,7.044533646,3.492522391,8.641384873,26.9388093,8.085986463,1.307847632,3.960741949,28.17813458,13.97008956,205.4165232,213.1737401,14.70402335,65.0711769,5.367234093,81.35286952,41.39898889,13.27989639,39.95388062,12.42637193,2.009872411,6.553382025,56.96348275,36.48313522
MGV,Mihary,Lean,2023,July,11/07/2023,29103,Orange Silver,F,100,0,0,0,82.15308036,82.15308036,30.22276897,24.78713326,14.17553699,7.259287447,4.088109304,11.49565672,31.74289193,9.275200112,1.448203511,4.603653441,29.03714979,16.35243722,253.5528964,262.5115564,15.50551108,77.54942692,5.271617685,79.90473091,40.93246487,14.82365141,38.97226603,11.96037222,1.867458689,6.229225653,54.35882926,39.41194508
MGV,Mihary,Lean,2023,July,12/07/2023,26408,Purple Black,M,77.81990521,0,0,22.18009479,139.2492246,139.2492246,51.03130577,44.13478393,22.18302074,10.32982106,5.926928859,5.830251647,72.22609215,21.10678766,3.54772923,4.234646144,41.31928423,23.70771544,380.4155824,391.5908676,16.04606666,135.0145784,4.389843621,91.29191777,53.49503216,4.318238604,37.79688561,15.63296934,2.62766382,6.054205396,80.54602736,13.39976725
MGV,Mihary,Lean,2023,July,13/07/2023,30303,Gold Green,F,93.58855614,4.764845117,0,1.646598744,84.6511384,84.6511384,33.25498785,27.8131014,13.64406209,6.675126569,3.345293393,3.353127073,41.05184179,12.64180623,2.641128347,3.645888304,26.70050628,13.38117357,219.8255765,225.5881476,16.42797437,81.0052501,4.12972417,91.73088108,50.67800141,4.139394754,41.05287967,15.60615665,3.260440951,5.931682897,80.69077756,13.37753954
MGV,Mihary,Lean,2023,July,14/07/2023,28200,Blue Purple,M,100,0,0,0,133.3098794,133.3098794,49.19634827,38.98427138,25.79029149,13.66360377,7.532774657,29.48030447,37.75585676,11.02077038,1.354984715,9.344595205,54.6544151,30.13109863,453.9813737,472.1145832,15.06687092,123.9652842,6.076519494,70.14238351,30.45679846,23.781097,39.68558504,8.890207011,1.093035622,6.382157998,37.41903991,56.19880209
MGV,Mihary,Lean,2023,July,15/07/2023,28033,Red Orange,M,100,0,0,0,122.5336586,122.5336586,45.13263125,36.26380909,22.84554619,11.94620515,6.632221353,23.13188933,39.93918432,11.48077776,1.550721902,7.697732326,47.7848206,26.52888541,402.4702041,417.9710603,15.17101823,114.8359263,5.775388913,74.08118552,34.77934617,20.14342557,39.30183935,9.997548797,1.350380454,6.347062736,43.84398547,49.8089518
TLK,Nina,Lean,2022,September,05/09/2022,28152,GPS P,F,78.07966236,21.92033764,0,0,101.8932668,101.8932668,43.24066712,37.7564512,17.63657567,9.395653965,5.856632415,5.652534429,37.83024294,8.588039849,2.952907558,9.313189884,37.58261586,23.42652966,235.272892,249.5290276,10.04301087,92.58007691,6.326018092,87.56841944,40.86218569,6.105562469,46.70623375,9.276336913,3.189571295,9.38829838,70.22416982,20.3875318
TLK,Nina,Lean,2022,September,06/09/2022,25155,NC-G,M,100,0,0,0,85.72780857,85.72780857,27.88434081,23.42634465,10.06493706,6.694870809,4.168250909,4.277688188,45.94031038,7.574739821,3.110766004,3.457218285,26.77948324,16.67300364,243.5919559,252.5494568,14.60996238,82.27059029,5.06651392,89.73395102,55.84050171,5.199535062,33.8934493,9.207105229,3.781139765,6.601876658,78.15390378,15.24421956
TLK,Nina,Lean,2022,September,07/09/2022,24947,GPS G,F,96.7916757,3.208324301,0,0,125.9195121,125.9195121,41.58696064,34.35940835,13.65363605,8.969764262,5.504680737,3.601049569,71.48860359,10.20847309,3.914369635,3.738217614,35.87905705,22.01872295,350.1778854,360.8638522,15.90364192,122.1812945,4.505338364,92.54736141,58.51026858,2.947300225,34.03709283,8.355184912,3.203738879,6.101670425,84.91725654,8.981073034
TLK,Nina,Lean,2022,September,08/09/2022,30479,GPS S,M,100,0,0,0,158.5191314,158.5191314,80.67230483,67.95720159,38.43159597,13.85252674,7.17534455,5.333902834,52.13914705,21.82661667,12.37656429,13.19843209,55.41010695,28.7013782,318.2760269,332.7106833,11.08922452,145.3206993,4.937592914,91.39197138,35.87867889,3.670435706,55.51329249,15.0196199,8.516724977,8.626527383,76.94498327,14.42848935
TLK,Nina,Lean,2022,September,09/09/2022,30769,GPS P,F,65.76156131,34.23843869,0,0,154.5778116,154.5778116,63.89375089,55.65352295,26.89346126,13.66172559,8.503381126,7.954123857,60.27768133,11.0810169,4.214540379,13.94887444,54.64690236,34.0135245,361.5765595,381.6780809,10.63037614,140.6289372,6.046679506,88.297213,42.86292887,5.656107495,45.43428412,7.879613629,2.996922584,8.911573969,72.33253768,18.75588835
TLK,Nina,Lean,2022,September,12/09/2022,26455,NC-G,M,100,0,0,0,37.69949461,37.69949461,11.63325278,9.6604018,3.891172164,2.82349565,1.777731649,1.772871592,21.17672626,3.416705665,1.39081994,1.338912319,11.2939826,7.110926596,109.5621878,113.2801598,15.40758244,36.36058229,4.889172662,90.23502095,58.2408887,4.875806384,31.99413225,9.396729782,3.825076092,6.277292163,79.63741315,14.08529468
TLK,Nina,Lean,2022,September,13/09/2022,30347,GPS G,F,96.11565421,3.884345794,0,0,77.55072528,77.55072528,21.2761016,17.67899774,7.086059341,5.298534967,3.529493068,2.298968089,36.00825331,5.406577681,3.500501107,2.046393843,21.19413987,14.11797227,180.9999438,189.2535872,12.82053402,63.11281607,5.592355542,90.76501174,57.05378963,3.642632721,33.71122211,8.566528983,5.546418818,7.45981753,81.60738425,10.93279822
TLK,Nina,Lean,2022,September,14/09/2022,26996,GPS S,M,98.92692897,1.073071027,0,0,139.2727107,139.2727107,59.22915429,52.03249885,24.94143514,12.09227319,7.447218504,7.600439835,52.33945133,12.39738145,4.181965906,12.65644676,48.36909277,29.78887402,323.0720669,340.3263969,10.84539371,126.616264,5.881723462,88.11554071,41.33706816,6.002735824,46.77847256,9.791302522,3.302866295,8.753030704,71.14745332,20.09951598
TLK,Salohy,Lean,2022,September,15/09/2022,31003,GPS P,F,100,0,0,0,102.2400806,102.2400806,43.38830536,38.09001664,18.28472685,8.961661381,5.545249574,5.632009216,38.43926449,8.958024519,3.017363893,9.235251967,35.84664553,22.1809983,237.6371945,250.6165855,10.71354821,93.00482863,5.962324382,87.98206614,41.33039655,6.055609476,46.65166959,9.631784339,3.244308857,8.850570783,70.92407868,20.22535054
TLK,Nina,Lean,2022,September,27/09/2022,22216,GPS G,F,100,0,0,0,258.4227482,258.4227482,95.39461659,80.52159982,40.14793704,31.55640513,22.71813634,18.95177671,106.3950903,12.12514333,10.53478921,14.9631282,126.2256205,90.87254536,669.1232334,736.7377314,7.363315628,243.45962,9.331377558,82.88426103,43.70132934,7.784361413,39.18293169,4.980350882,4.327119714,12.33444976,64.51402926,23.15152098
TLK,Nina,Lean,2022,September,28/09/2022,29896,GPS P,F,100,0,0,0,86.40085429,86.40085429,36.18578908,31.50615054,15.13473367,8.090145104,5.193091437,4.94104338,32.46504247,7.184025746,3.506161418,7.615887927,32.36058042,20.77236575,202.0116889,215.0079778,9.7250208,78.78496636,6.591475095,87.13696878,41.20715407,6.27155612,45.92981472,9.118523594,4.45029246,9.661206974,69.65612308,20.68266995
TLK,Nina,Lean,2022,September,29/09/2022,20364,GPS G,F,99.85114617,0.148853826,0,0,84.00486451,84.00486451,30.10274758,25.03264001,11.48168951,10.50943929,7.241796042,7.333706257,33.21523275,4.874412134,2.754384196,6.11138188,42.03775717,28.96718417,221.8928892,243.2996356,7.660147011,77.89348263,9.297050019,81.28790522,42.64186378,9.415044763,38.64604144,6.257792012,3.536090702,11.90597105,60.96560512,27.12842383
TLK,Nina,Lean,2022,September,30/09/2022,24369,GPS S,M,99.25955843,0.740441572,0,0,210.9503688,210.9503688,105.1214727,88.99700253,48.20405822,21.31777858,12.3760583,11.32279757,65.96074014,14.29927588,4.004026012,16.16930005,85.27111431,49.50423321,446.1660653,476.6847654,9.012685106,194.7810688,6.353830166,87.83308048,33.86404057,5.813089355,53.96903991,7.341204138,2.055654607,10.38510916,68.23699384,21.377897
TLK,Nina,Lean,2022,October,04/10/2022,21060,GPS P,F,100,0,0,0,40.44314779,40.44314779,19.9807125,16.6140744,9.597634053,3.674784106,1.972306839,3.141739518,12.67196475,4.261209062,1.265585259,2.676424188,14.69913642,7.889227356,94.24875971,98.49810376,11.94651332,37.7667236,5.222340333,86.45885619,33.55325413,8.318803481,52.90560205,11.28297256,3.351059183,8.009522066,63.2836759,28.70680204
TLK,Nina,Lean,2022,October,17/10/2022,8273,GPS G,F,100,0,0,0,130.230541,130.230541,49.87934651,41.10118755,18.27967946,10.13746194,6.492982969,3.909930815,65.56448372,7.065666659,2.667179448,4.383797026,40.54984776,25.97193188,335.6050123,349.8561955,12.92183477,125.846744,5.159436599,91.73366473,52.09867306,3.106898669,39.63499167,5.614500966,2.119386933,7.423602101,82.51815746,10.05824044
TLK,Nina,Lean,2022,October,18/10/2022,26029,GPS S,M,97.9285134,2.071486596,0,0,51.71050879,51.71050879,16.44673811,13.3255756,12.58761907,6.699426165,4.454006862,6.141233033,21.11468317,3.689719064,10.80188601,3.195189902,26.79770466,17.81602745,152.3115846,165.5059455,8.549132802,48.15666118,9.248994329,77.99839184,43.8458204,12.75261383,34.15257144,7.661907976,22.43072037,10.76458456,55.84018174,33.39523371
TLK,Nina,Lean,2022,October,19/10/2022,26452,GPS P,F,91.88476364,8.115236356,0,0,250.1084667,250.1084667,108.3408912,94.68863975,58.24531238,13.82750538,6.995367507,4.43323572,120.9252966,26.31473641,15.28062903,9.413675712,55.31002152,27.98147003,606.4810896,611.9527976,21.67438269,240.694791,2.906322766,95.25182777,50.24009706,1.841849465,45.01173071,10.93282339,6.348549947,4.572488293,88.90754454,6.519967166
TLK,Nina,Lean,2022,October,20/10/2022,24104,GPS G,F,100,0,0,0,202.6477596,202.6477596,89.8340036,75.02764164,42.17868186,16.42129206,10.54327028,7.803773112,86.77395609,8.511477782,5.20196766,7.692756509,65.68516824,42.17308113,486.0527951,509.9875779,11.52519053,194.9550031,5.4080532,90.5890882,44.50973544,4.002858603,46.07935276,4.36586784,2.66829144,8.269433013,77.95886723,13.77169975
TLK,Nina,Lean,2022,October,21/10/2022,23707,GPS P,F,100,0,0,0,507.214802,507.214802,197.0326996,177.8196771,119.0478423,18.55289361,16.72355226,7.999413396,273.2865884,60.32444735,37.74811421,12.17254836,74.21157443,66.89420904,1315.871089,1337.115966,19.6709268,495.0422537,3.378207039,95.00588779,55.20469947,1.615905175,39.80118832,12.18571686,7.625230763,5.002872655,89.61279851,5.384328838
TLK,Nina,Lean,2022,October,24/10/2022,27195,GPS G,F,92.85568899,7.144311012,0,0,63.48351084,63.48351084,28.99831042,23.94425079,12.75121485,8.805608265,6.333449017,1.810374021,21.68878564,3.149984726,6.456174042,4.65259174,35.22243306,25.33379607,125.2322162,144.8524963,4.943286664,58.8309191,10.76551091,86.15723983,36.86630428,3.077249257,49.29093555,5.354301402,10.97411725,17.48937485,71.26237841,11.24824673
TLK,Nina,Lean,2022,October,25/10/2022,32523,GPS S,M,87.87179487,7.41025641,4.717948718,0,49.26726575,49.26726575,20.899488,17.53570997,9.348570818,4.539267783,2.445028829,2.371023578,21.32514694,3.599553419,1.885770726,2.226578402,18.15707113,9.780115317,122.6279083,127.9739697,12.53849309,47.04068735,5.197689419,89.76194295,45.33340847,5.040367631,44.42853448,7.652000049,4.008807762,7.642269237,75.68308024,16.67465052
TLK,Nina,Lean,2022,October,26/10/2022,29934,GPS P,F,99.83473351,0.165266492,0,0,173.6159912,173.6159912,97.94588729,81.70215969,45.58349286,15.76538888,8.48027722,6.401495947,48.6257083,13.31385804,5.082052219,12.16262243,63.06155552,33.92110888,327.0449005,345.3405702,9.641338721,161.4533688,5.252462234,90.78261836,30.11749378,3.964919405,60.66512458,8.246255958,3.147690419,9.822509085,73.49440514,16.68308577
TLK,Nina,Lean,2022,October,27/10/2022,28076,GPS G,F,93.19746626,6.802533737,0,0,434.0552516,434.0552516,179.9411342,157.6871722,97.50595328,22.85866762,12.31645974,8.075805328,221.0935415,39.08730893,23.16954527,12.62831072,91.43467046,49.26583895,1094.711382,1104.912248,22.22049609,421.4269408,2.922561076,95.16113872,52.46307725,1.916300204,42.69806147,9.274990548,5.497879473,4.458801053,88.96309756,6.57810139
TLK,Charline,Abundant,2022,November,07/11/2022,29345,GPS G,F,100,0,0,0,304.3713657,304.3713657,214.7386143,170.7018583,75.87040643,22.90074678,16.8912743,6.444435502,58.39148077,35.8277087,21.54755667,7.905560822,91.60298712,67.5650972,455.8408826,496.0125569,6.746691731,296.4658049,5.697545558,92.12870105,19.69585693,2.173753396,72.43284412,12.08493799,7.268142333,13.62165055,74.68511331,11.69323613
TLK,Charline,Abundant,2022,November,08/11/2022,21664,GPS P,F,97.32465654,2.675343456,0,0,25.41838195,25.41838195,12.82521714,11.27473289,6.260478477,1.637938491,0.878818255,0.890231709,9.638446101,2.272281379,1.784349657,1.185668742,6.551753962,3.51527302,56.37716091,57.60477955,16.03777589,24.23271321,3.626578037,92.69974456,39.77452305,3.673677403,52.92522151,9.376916895,7.363391963,6.102398183,79.98888548,13.90871634
TLK,Charline,Abundant,2022,November,09/11/2022,23737,GPS S,M,93.912265,2.864816473,3.222918532,0,94.88957347,94.88957347,50.2582966,42.48665989,22.49304238,6.754610136,4.202316488,4.418244436,32.19189254,8.721697239,9.255509152,3.818823406,27.01844055,16.80926595,206.979367,215.2485713,12.31340902,91.07075006,4.614342678,90.53421552,35.34822379,4.8514418,55.18599173,9.576836946,10.16298773,7.80923462,73.71714687,18.47361851
TLK,Charline,Abundant,2022,November,10/11/2022,29358,GPS G,F,91.00357259,8.996427411,0,0,36.72815763,36.72815763,18.58217626,15.82025289,9.13109624,3.891747056,1.966030872,1.864661632,11.34788642,31.29957314,17.3321307,2.967402437,15.56698822,7.864123487,76.38886522,80.94745452,9.713589232,33.76075519,5.823420894,88.65341583,33.61265576,5.523163274,55.04076007,92.7099319,51.3381013,9.715096705,69.55299173,20.73191156
TLK,Charline,Abundant,2022,November,11/11/2022,29412,GPS P,F,100,0,0,0,186.3461591,186.3461591,80.94800439,69.86618093,38.3634487,18.61706806,11.47623,15.8493339,60.98793987,22.20797399,13.41258833,17.08465099,74.46827224,45.90491998,448.5209879,477.6547536,9.770651775,169.2615082,6.780177089,83.85600826,36.03178332,9.363814649,47.82422494,13.12051052,7.924181037,9.610481135,60.52610727,29.8634116
TLK,Charline,Abundant,2022,November,14/11/2022,9176,GPS G,F,78.10050715,0,0,21.89949285,55.17422547,54.85577794,19.35397213,14.8697966,5.264161633,7.406054909,5.929160191,3.161030413,21.41387183,6.304779611,3.2886235,4.997743372,29.62421964,23.71664077,128.9105497,147.6901705,5.435447245,49.85803456,11.89208569,81.7678521,42.94969109,6.34006222,38.81816101,12.6454636,6.595975009,16.05837456,64.67881761,19.26280783
TLK,Charline,Abundant,2022,November,15/11/2022,14622,GPS P,F,100,0,0,0,186.0788241,186.0788241,126.3566006,101.1398766,45.47956598,9.866150078,7.135478457,4.756988019,42.67091942,22.80662788,12.22204406,5.158837547,39.46460031,28.54191383,310.1593693,321.954189,10.86680351,180.9199865,3.943996788,93.4266707,23.5855199,2.629332508,69.84115081,12.60591951,6.755496886,8.865209649,77.83696922,13.29782113
TLK,Charline,Abundant,2022,November,16/11/2022,27900,GPS S,M,100,0,0,0,45.21911339,45.21911339,22.24106502,19.18538054,9.842840664,2.934776829,1.488505358,1.770792924,18.56606194,3.833399965,3.185934441,1.152688151,11.73910732,5.954021431,107.2157988,109.1001001,18.00729139,44.06642524,3.377867276,92.60366988,42.13199015,4.018462841,50.47167973,8.699139865,7.229845452,5.45739319,79.9347959,14.60781091
TLK,Charline,Abundant,2022,November,17/11/2022,28825,GPS G,F,40.13466639,6.631299735,51.19363395,2.040399918,69.06875883,67.27783717,40.25547774,31.85059031,13.97268769,6.779064959,4.679368407,1.997468109,17.08099611,5.917998963,3.197633195,3.264526807,27.11625984,18.71747363,117.0966379,129.7591062,6.256006564,64.01331036,7.309992844,89.5696122,26.68350693,3.120394959,62.88610527,9.244950667,4.995262981,14.42478619,71.72091601,13.8542978
TLK,Charline,Abundant,2022,November,28/11/2022,17870,GPS P,F,3.838383838,0,96.16161616,0,12.4973925,9.608566708,3.779286507,3.162355315,1.775398627,1.924115463,1.492591963,0.337764613,3.229081324,0.768010454,0.169132585,0.7698423,7.696461851,5.970367853,18.84736099,23.95295784,3.156817378,8.838724408,16.88696122,79.29162069,36.53334096,3.821418084,42.75827973,8.689154892,1.913540653,24.92538873,62.38356269,12.69104858
TLK,Charline,Abundant,2022,November,29/11/2022,29467,GPS S,M,19.67376416,0,80.32623584,0,323.714483,261.4943239,116.9838885,101.7106452,57.76385067,46.48297552,34.3530672,7.234452316,81.20773913,17.32296771,1.898857715,21.71517676,185.9319021,137.4122688,479.4337021,593.3114817,3.489016711,239.7791472,14.32696196,82.65590648,33.86772373,3.017131557,48.78818275,7.224551392,0.791919455,23.1602241,65.86576429,10.9740116
TLK,Charline,Abundant,2022,November,30/11/2022,24300,GPS G,F,18.28703704,0,81.71296296,0,307.2523182,237.5109693,95.8564381,80.33011798,44.70831181,46.54890711,36.38738019,7.989902244,78.96073808,19.88477994,3.289942771,18.31651073,186.1956284,145.5495208,461.0822477,585.2557812,3.167871974,219.1944586,16.60050187,79.75437759,36.02314519,3.645120545,43.7312324,9.071753031,1.500924244,24.86938625,62.84382864,12.28678511
TLK,Charline,Abundant,2022,December,01/12/2022,18010,GPS S,M,38.19830963,0,58.00865801,3.793032364,432.6044965,373.7929065,190.8352994,164.5814293,88.94933623,45.50568132,31.34748911,9.361315171,118.8981735,37.15144314,14.42834201,16.42727009,182.0227253,125.3899564,700.8774694,793.5915272,5.589582207,350.4422772,8.945121965,88.38359213,33.92803359,2.67128591,54.45555853,10.60130172,4.117180759,15.80031441,73.58316139,10.6165242
TLK,Charline,Abundant,2022,December,02/12/2022,27505,GPS P,F,13.47374495,0,86.52625505,0,543.1152926,415.6940002,96.00840488,83.43472838,43.62837417,55.98147244,45.71889145,9.030590854,121.5932913,23.52761684,3.709777693,20.81078642,223.9258898,182.8755658,641.0949128,797.5859017,3.50563461,272.3511785,16.78674265,79.89746819,44.64577388,3.31578916,35.2516943,8.63870572,1.362130215,22.9286357,66.88119951,10.19016479
TLK,Charline,Abundant,2022,December,05/12/2022,24858,GPS G,F,25.7641196,0,65.96345515,8.272425249,331.5112863,261.2992315,96.08614506,82.74199355,43.88035704,47.78845044,38.57905382,6.512913325,101.9203809,22.13830973,3.893178255,16.43908649,191.1538017,154.3162153,537.2137546,664.4750642,3.481252788,243.0984931,15.8697215,81.45115316,41.92555026,2.679125338,39.52560291,9.106724377,1.601481854,23.22377823,67.95478917,8.821432599
TLK,Charline,Abundant,2022,December,06/12/2022,27750,GPS P,F,74.23704755,0,25.76295245,0,301.4648805,277.6850989,164.8944366,141.5958436,78.14510038,24.32468616,13.01451562,5.819190786,79.32530958,30.35514962,14.17843125,8.238614147,97.29874464,52.0580625,491.2824307,519.3561274,9.437201601,263.0534526,4.947479494,92.84035004,30.1555858,2.212170465,62.68476424,11.53953667,5.389943038,10.02357722,79.89226004,10.08416274
TLK,Charline,Abundant,2022,December,07/12/2022,30556,GPS S,M,74.37486642,0,25.62513358,0,318.871194,296.3548565,180.7085643,155.3772708,86.27899618,24.28138373,11.83447509,5.860658634,79.39236778,33.34521673,15.45911728,8.882205449,97.12553492,47.33790035,501.692046,523.8826625,10.59810516,277.7960658,4.260130557,93.63017123,28.57937082,2.109698212,65.05080041,12.00348775,5.564915844,9.035973843,80.89575487,10.06827129
TLK,Charline,Abundant,2022,December,08/12/2022,27901,GPS G,F,49.8916744,0,50.1083256,0,234.9698563,201.9456842,90.38034208,70.94982176,32.10121326,33.03054954,27.04017079,4.432743236,69.21521262,20.1025486,7.954611937,10.29917614,132.1221982,108.1606832,385.4863903,475.5630383,3.564015861,191.0684687,14.15208431,83.52793936,36.22534533,2.319976323,47.30259403,10.521123,4.163225879,22.74371102,68.86735084,8.388938144
TLK,Charline,Abundant,2023,January,09/01/2023,17190,GPS G,F,93.07479224,0,6.925207756,0,55.45584031,55.45584031,14.98510367,11.66115252,8.278882198,9.666685742,5.530944776,4.931198852,25.45070775,4.215315613,12.01567701,4.557885268,38.66674297,22.12377911,157.647225,174.7799785,7.125691511,50.89795505,10.8667328,79.4448645,50.00339941,9.688402702,29.44146509,8.281895824,23.60738657,12.65807405,61.94954974,25.39237621
TLK,Charline,Abundant,2023,January,10/01/2023,30506,GPS P,F,100,0,0,0,128.3612415,128.3612415,49.66301571,36.45772578,15.71553345,19.85965063,12.14147646,9.4900945,47.07442359,11.03798215,22.33473791,9.992231191,79.43860254,48.56590586,311.7007519,348.714146,6.418098178,118.3690103,10.25731012,81.72530892,39.76921281,8.017380967,41.95609611,9.325060774,18.86873757,13.92713958,61.5797759,24.49308452
TLK,Charline,Abundant,2023,January,11/01/2023,30668,GPS S,M,100,0,0,0,202.0534042,202.0534042,85.85748189,63.30356999,24.60098719,25.81835952,17.16706474,18.3595541,64.90022181,9.971436867,13.97656377,15.76908164,103.2734381,68.66825895,490.5178477,541.0013003,7.143298159,186.2843225,9.215517712,80.9288198,34.83933641,9.855662487,46.08948339,5.35280518,7.502812678,12.69280849,56.76456865,30.54262287
TLK,Charline,Abundant,2023,January,12/01/2023,29908,GPS G,F,98.60869565,1.391304348,0,0,115.3562983,115.3562983,52.74194757,40.27442848,19.64137941,11.84480092,7.810362879,15.60495257,29.99788701,6.799779167,3.273214904,9.201148327,47.3792037,31.24145151,300.783711,321.6430957,9.627712428,106.15515,7.357497848,77.94236508,28.25853197,14.70013708,49.6838331,6.405510393,3.083425442,9.713080098,46.62219494,43.66472497
TLK,Charline,Abundant,2023,January,13/01/2023,27908,GPS P,F,100,0,0,0,136.0679507,136.0679507,36.42992606,28.35848179,20.51487258,24.05980237,13.65947739,12.16036757,62.64976442,10.43064815,30.5363824,11.16841526,96.23920948,54.63790957,387.9112593,430.3030533,7.099672413,124.8995354,10.93637166,79.32750921,50.16012606,9.736119139,29.16738315,8.351230537,24.44875579,12.69754169,61.86845144,25.43400688
TLK,Charline,Abundant,2023,January,16/01/2023,26102,GPS S,M,100,0,0,0,178.9465056,178.9465056,62.17352972,46.24654405,23.30040677,29.2885168,17.40966253,13.599954,71.60163862,15.72188021,35.65929036,14.16172076,117.1540672,69.63865013,456.3688907,509.9023553,6.553385079,164.7847849,10.56509103,81.18174772,43.45160791,8.253161243,37.73013981,9.540856712,21.63991681,13.6572521,62.33823317,24.00451473
TLK,Charline,Abundant,2023,January,18/01/2023,26999,GPS P,F,98.05273834,0.405679513,0,1.54158215,114.4447733,114.4447733,43.54603126,33.66722042,18.45994151,15.2965102,9.256497287,9.13665108,43.46195708,4.603951332,9.848137262,9.043636554,61.1860408,37.02598915,289.390402,316.1163615,7.815872273,105.4011367,8.782160777,82.5493833,41.23480869,8.668455925,41.3145746,4.368028159,9.343482973,11.71277215,62.27469901,26.01252884
TLK,Charline,Abundant,2023,January,30/01/2023,17400,GPS G,F,97.56330626,2.436693741,0,0,93.91564675,93.91564675,32.66707636,23.76947903,14.9387723,10.92259021,7.632799754,29.14758885,18.48198515,8.120628132,4.140980234,5.986196644,43.69036084,30.53119901,361.2465536,383.3253444,11.83204608,87.92945011,8.680595346,58.17056907,21.01910694,33.14883558,37.15146213,9.235390557,4.709434926,7.964826604,23.60027771,68.43489569
TLK,Charline,Abundant,2023,February,01/02/2023,29369,GPS P,F,100,0,0,0,215.0849389,215.0849389,98.83627263,70.26163059,25.95720204,26.55568756,17.19727667,9.244130584,74.962785,21.59706948,32.46736801,14.84447401,106.2227502,68.7891067,458.6580638,508.089526,6.667597325,200.2404649,8.5883124,86.79517286,37.43638182,4.616514744,49.35879103,10.78556699,16.21418929,13.53877677,70.08671225,16.37451099
TLK,Charline,Abundant,2023,February,02/02/2023,26100,GPS S,M,100,0,0,0,246.137295,246.137295,61.8037216,48.73594789,34.59378479,36.45052154,21.56196259,13.21719075,126.2117576,24.262888,57.74660125,23.34266244,145.8020861,86.24785036,671.0815943,735.1770881,7.78085009,222.7946326,9.677954241,84.38959102,56.64937085,5.932454744,27.74022017,10.89024799,25.91920666,11.73157485,72.0880084,16.18041675
TLK,Charline,Abundant,2023,February,03/02/2023,4512,GPS G,F,100,0,0,0,103.6369458,103.6369458,29.13249426,23.23420167,16.99809243,15.33994068,8.321107237,6.154488765,50.27721231,8.169289802,22.84559813,9.751643238,61.3597627,33.28442895,278.7856062,302.7427101,8.375856671,93.88530258,8.863056313,84.5816165,53.55173912,6.555327188,31.02987737,8.701351093,24.3335192,10.99429576,70.70950847,18.29619576
TLK,Charline,Abundant,2023,February,07/02/2023,25302,GPS P,F,100,0,0,0,164.7137542,164.7137542,49.43985406,39.26176411,28.04316082,23.90319402,12.76718179,9.271509473,77.86891406,12.98178558,36.26192572,15.36629487,95.61277609,51.06872716,432.7407298,468.9852191,8.473693274,149.3474594,8.548643441,85.24334371,52.13943001,6.208012852,33.10391369,8.692337746,24.28024278,10.88919759,71.31843245,17.79236996
TLK,Charline,Abundant,2023,February,08/02/2023,27879,GPS S,M,100,0,0,0,444.3914382,222.1957191,59.5383404,47.41685442,31.1572283,31.02681262,18.87502261,10.73585989,113.2474046,24.28851586,48.75688396,19.79909163,124.1072505,75.50009045,595.1591878,650.6616635,7.882893706,202.3966275,9.325759449,85.36987356,55.95320732,5.304366987,29.41666625,12.00045483,24.08977095,11.60358673,73.54649288,14.84992039
TLK,Charline,Abundant,2023,February,09/02/2023,25388,GPS G,F,100,0,0,0,196.8851116,196.8851116,50.0305394,40.18521571,22.5005345,22.48496873,13.38139244,12.539854,104.4817812,19.81202434,29.55674786,16.45154451,89.93987491,53.52556978,569.0591735,604.8650833,10.63153883,180.4335671,7.416243365,85.63391122,57.9059556,6.94984542,27.72795562,10.98023204,16.38095856,8.849175008,72.49233584,18.65848916
TLK,Charline,Abundant,2023,February,20/02/2023,20100,GPS P,F,100,0,0,0,178.5099629,178.5099629,60.96253654,48.19841559,28.07170515,21.94042224,12.7139718,11.94584837,79.60378553,13.33320263,21.39566641,13.28382068,87.76168896,50.85588722,472.5641179,507.3541085,9.292220503,165.2261422,7.694891154,85.07510988,48.17868677,7.229998963,36.89642312,8.069668908,12.94932274,10.02374601,68.7854065,21.19084749
TLK,Charline,Abundant,2023,February,28/02/2023,30000,GPS S,M,100,0,0,0,98.83840785,98.83840785,37.54355832,29.42322318,13.81826436,9.947613232,6.586516787,7.120944274,41.95937404,7.837133581,3.373862227,5.628014432,39.79045293,26.34606715,260.6468167,278.0974272,9.893196403,93.21039342,7.066290084,85.29406372,45.01576756,7.639646195,40.27829616,8.408003972,3.619620199,9.473682448,67.48097725,23.0453403
TLK,Charline,Abundant,2023,March,01/03/2023,8235,GPS G,F,100,0,0,0,205.5375445,205.5375445,83.68374999,74.27570395,51.1587148,17.93769662,10.87900383,9.262308326,94.64113916,22.52691774,10.77856093,7.071343208,71.75078647,43.51601533,525.9434003,550.9610366,12.08620312,198.4662013,5.481539809,89.85151526,47.68627531,4.666944933,42.16523994,11.35050582,5.430930234,7.898201948,76.97173088,15.13006717
TLK,Charline,Abundant,2023,March,02/03/2023,28149,GPS P,F,100,0,0,0,208.3272613,208.3272613,101.5769226,79.64541025,36.26264488,17.5435967,9.695395299,12.65883364,74.42870709,27.72349608,21.44522964,9.96740259,70.1743868,38.7815812,489.3506769,509.3828046,12.61812081,198.3598587,4.887780907,88.7304674,37.52206096,6.381751692,51.20840644,13.9763641,10.81127492,7.6134453,70.02036925,22.36618545
TLK,Charline,Abundant,2023,March,03/03/2023,27727,GPS S,M,100,0,0,0,256.4612501,256.4612501,144.7667084,111.9923621,51.76630957,28.30324114,19.78136923,12.05252639,71.01965699,32.10314464,16.34754732,8.840989091,113.2129646,79.12547692,503.2978974,559.3418618,6.360756573,247.620261,7.988590735,87.14406669,28.68087478,4.867342574,58.46319191,12.96466796,6.601861759,14.1461747,66.46090214,19.39292316
TLK,Charline,Abundant,2023,March,08/03/2023,29750,GPS P,F,100,0,0,0,114.0985856,114.0985856,13.31986723,8.345237656,3.417838372,16.58174252,14.371236,3.796230358,72.53783033,19.03197967,24.63414031,10.07342172,66.32697008,57.48494399,334.507093,381.7231643,5.819038339,104.0251639,13.81515343,82.53550807,69.7310416,3.649338502,12.80446647,18.29555364,23.68094352,15.05932816,75.99018718,8.950484651
TLK,Charline,Abundant,2023,March,20/03/2023,29700,GPS G,F,100,0,0,0,45.38754107,45.38754107,18.11967429,13.61508775,5.88671773,4.495329915,3.405080937,2.716816689,17.62148203,5.402732333,3.323606754,3.524487123,17.98131966,13.62032375,108.7988291,118.3342742,7.987976731,41.86305394,8.133856983,85.37637117,42.09315941,6.489771846,43.28321176,12.90572909,7.93923625,11.51004123,67.82701022,20.66294855
TLK,Charline,Abundant,2023,March,22/03/2023,18600,GPS P,F,100,0,0,0,197.6145849,197.6145849,59.36930161,49.90675065,31.47604992,15.35985128,8.465180032,11.15538362,106.9090367,57.74373213,24.8623017,11.71568294,61.43940512,33.86072013,573.4521152,589.5275227,16.93561487,185.898902,4.553647139,89.44557314,57.50923517,6.000779723,31.93633796,31.06190058,13.3740982,5.743704717,77.22597038,17.03032491
TLK,Charline,Abundant,2023,March,28/03/2023,26459,GPS S,M,100,0,0,0,296.786117,296.786117,113.3673606,93.82370455,50.81933864,26.07049354,14.55695829,12.78084243,139.0269629,35.76270717,18.36254647,17.05399275,104.2819742,58.22783315,757.8614644,789.378547,13.01545023,279.7321243,5.203892233,90.22715007,49.70003473,4.568957701,40.52711534,12.78462646,6.564332402,7.376414443,78.05166916,14.57191639
TLK,Charline,Abundant,2023,March,30/03/2023,14769,GPS G,F,43.31983806,45.00674764,0,11.6734143,149.5493332,149.5493332,52.73830061,38.43706754,18.6932116,18.59787099,13.59198033,4.014196279,74.98616129,16.86418819,16.92694899,4.218694701,74.39148396,54.36792132,376.4172117,417.325693,6.923516708,145.3306385,9.35245346,87.88543366,51.59693927,2.762112876,36.28849439,11.60401438,11.64719922,13.02769569,78.31533276,8.65697155
TLK,Charline,Abundant,2023,April,11/04/2023,25960,GPS S,M,87.95321637,0,0,12.04678363,283.116806,283.116806,41.67189459,31.97675656,21.27918794,16.14778675,11.27766352,15.04495206,206.2969239,142.7938662,64.98141296,8.825371987,64.59114699,45.11065409,992.4712634,1012.101405,22.0008174,274.2914341,4.11156242,90.40341319,75.21085177,5.485024389,15.19256142,52.0591781,23.69064611,4.457127899,82.16431459,13.37855751
TLK,Charline,Abundant,2023,April,12/04/2023,21900,GPS P,F,77.92041078,0,0,22.07958922,65.2831934,62.60246616,22.30011604,18.41756103,9.663651446,6.307210266,4.461704539,5.083136752,26.4243852,8.190846811,3.44925213,4.33312363,25.22884106,17.84681815,168.5053603,180.7179565,9.441759247,58.26934253,7.657036007,83.61944571,45.3486929,8.723518287,38.27075281,14.05687186,5.919497252,9.875509051,64.80977865,25.3147123
TLK,Charline,Abundant,2023,April,13/04/2023,26700,GPS S,F,79.53327026,20.46672974,0,0,59.80745732,59.80745732,15.95235423,13.98083163,11.558844,6.790411606,4.799385838,13.41789905,21.26680917,15.226867,4.383519423,4.371009033,27.16164642,19.19754335,218.0318791,231.8467513,11.3572802,55.43644828,8.657455494,67.13843428,38.36250306,24.20411022,28.77593123,27.46724847,7.90728764,8.280272743,39.63312662,52.08660063
TLK,Charline,Abundant,2023,April,14/04/2023,30900,GPS P,F,84.09413099,2.665154522,0,13.24071449,67.98374083,67.98374083,18.63461835,16.19153989,12.34917142,6.547529331,4.514467619,14.07102713,25.76145735,16.36451964,4.866139231,5.002170377,26.19011732,18.05787048,243.9405566,255.8798904,13.50882193,62.98157045,7.167918467,70.49058222,40.90316765,22.34149931,29.58741457,25.98302888,7.726290716,7.057166722,43.45115811,49.49167516
TLK,Charline,Abundant,2023,April,17/04/2023,23400,GPS G,F,94.28208386,5.717916137,0,0,155.7607454,155.7607454,29.38158224,17.16630232,10.48546897,22.78212263,18.22240723,13.73138836,85.7912435,32.58896825,29.46499049,8.634124106,91.12849052,72.88962891,489.2243796,548.0955415,6.711851699,147.1266213,12.38552688,78.2814318,58.31116268,9.333041319,19.97026913,22.15028657,20.02696061,13.2987086,64.15367226,22.54761914
TLK,Charline,Abundant,2023,April,18/04/2023,28495,GPS G,F,77.93952968,22.06047032,0,0,61.46063096,61.46063096,19.06256061,16.49474341,12.96853515,6.902680287,4.511529517,12.00653595,21.07752143,13.38966257,3.854623934,4.802483449,27.61072115,18.04611807,206.9517682,219.4664294,11.46793828,56.65814751,7.962719776,70.84608976,37.20121881,21.19119046,33.64487095,23.63236915,6.803300325,8.222723682,42.54021357,49.23706274
TLK,Charline,Abundant,2023,April,19/04/2023,30000,GPS G,F,96.79075738,3.209242619,0,0,85.39973297,85.39973297,31.961767,25.92443001,15.76037923,9.005370305,6.387019183,10.92573605,30.78228938,15.72314758,8.261101085,5.342921358,36.02148122,25.54807673,245.9115337,263.7736345,9.625442115,80.05681161,7.978108363,78.37441327,38.45055625,13.64747837,39.92385702,19.63998724,10.31904833,9.685606669,53.03560138,37.27879195
TLK,Charline,Abundant,2023,April,20/04/2023,27395,GPS S,F,94.39490446,5.605095541,0,0,87.30804724,87.30804724,23.75930622,20.78682588,16.36105975,8.39650173,5.756536967,18.94813988,32.38591168,21.00511103,6.046963714,6.458152495,33.58600692,23.02614787,318.2527749,333.4211985,13.82136416,80.84989475,7.120030255,69.44377365,40.0568384,23.4361961,29.38693525,25.98038142,7.479247478,6.906023964,41.94748035,51.14649568
TLK,Charline,Lean,2023,May,02/05/2023,27900,GPS P,F,93.42004591,6.579954093,0,0,39.2135293,39.2135293,11.91322621,10.23237232,7.915247045,4.609039661,3.204084796,7.902065629,13.24575717,8.518984976,2.452450404,2.948395488,18.43615864,12.81633919,133.2152374,142.5023589,10.39417227,36.26513381,8.835166068,69.37512906,36.52477126,21.78970488,32.85035779,23.49084115,6.762557162,8.993773353,41.09926989,49.90695676
TLK,Charline,Lean,2023,May,03/05/2023,28800,GPS S,M,64.82504604,35.17495396,0,0,38.96896096,38.96896096,12.5809067,10.69931819,8.248245323,5.317757603,3.788916396,7.269600472,12.45352913,7.275465376,2.09446525,2.876008263,21.27103041,15.15566558,124.8649144,136.5133735,8.238827499,36.09295269,10.4976626,69.36100806,34.50404635,20.14132934,34.85696171,20.15757879,5.802975633,11.101964,40.9712999,47.9267361
TLK,Charline,Lean,2023,May,04/05/2023,28800,GPS P,F,69.51623592,30.48376408,0,0,24.79411165,24.79411165,6.892334959,5.940687352,4.453682665,3.25029677,2.399660814,4.870299466,8.764112845,5.50531119,1.701754676,1.867703571,13.00118708,9.598643257,84.16178282,91.52895602,8.768091548,22.92640808,10.46679796,68.29001624,38.22715191,21.2431858,30.06286433,24.01296867,7.422683352,10.48700179,41.62356835,47.88942986
TLK,Charline,Lean,2023,May,05/05/2023,28200,GPS S,M,73.73211964,26.26788036,0,0,85.69573171,85.69573171,32.71749776,27.48547783,19.30343732,11.76559527,8.024247419,12.40820523,25.94527006,10.97284983,3.213248554,6.600511246,47.06238106,32.09698968,240.4838131,264.8681869,7.492410207,79.09522047,10.14504716,74.16727265,32.80257632,15.68768018,41.36469633,13.87296194,4.062506603,12.11809921,45.71985469,42.16204609
TLK,Charline,Lean,2023,May,08/05/2023,13200,GPS G,F,82.3817292,16.5851006,0,1.033170201,531.3004328,531.3004328,172.4109807,152.8147652,101.6747027,41.32925809,27.13462943,81.61440437,209.0293425,84.29389611,26.50707521,41.11107581,165.3170324,108.5385177,1702.54141,1763.262888,15.68605731,490.189357,5.535540306,77.81489291,42.64257057,16.64956678,35.17232234,17.1961906,5.407517489,6.155549377,52.18704127,41.65740935
TLK,Charline,Lean,2023,May,10/05/2023,17100,GPS G,F,100,0,0,0,31.1323901,31.1323901,7.78896012,6.882338307,5.713357282,3.036243559,2.130186178,7.386902562,11.5120884,8.595679439,2.474529251,2.314252837,12.14497423,8.520744713,118.4890311,124.2078608,13.90594779,28.81813726,7.391824666,66.97535078,39.94737167,25.63282455,27.02797911,29.82732493,8.586707838,6.860068808,39.6150394,53.52489179
TLK,Charline,Lean,2023,May,11/05/2023,30300,GPS P,F,85.78656854,14.21343146,0,0,52.0070615,52.0070615,14.04356092,12.37513508,9.761489743,5.13344949,3.598416311,11.25975544,19.22839441,12.70653763,3.70228113,3.876934419,20.53379796,14.39366524,188.9947007,198.7077304,13.13040824,48.13012708,7.476432184,69.12916576,39.95084904,23.39440206,29.17831672,26.40038245,7.692232194,7.243636276,41.75794572,50.998418
TLK,Charline,Lean,2023,May,22/05/2023,29400,GPS S,M,67.03146375,32.96853625,0,0,27.51539468,27.51539468,7.293580351,6.374265673,5.269432498,3.12206575,2.245348119,6.200743161,9.76465111,6.914240625,1.990475657,2.011071936,12.488263,8.981392476,100.4448819,106.9498888,11.18366468,25.50432274,8.803794329,66.88368726,38.28625919,24.31251841,28.59742807,27.11007344,7.804463882,8.397757657,39.42202124,52.1802211
TLK,Charline,Lean,2023,May,23/05/2023,29100,GPS P,F,68.63063795,31.36936205,0,0,86.34214399,86.34214399,23.16839923,17.78455982,11.67819344,10.40535598,7.725452639,10.37513115,39.30220526,15.63500782,10.17992838,5.770955704,41.62142391,30.90181056,268.3088268,291.4398444,8.682624804,80.57118829,9.588356339,77.53466943,48.77947824,12.87697423,28.75519119,19.40520942,12.63470057,10.6031523,57.35724085,32.03960685
TLK,Charline,Lean,2023,May,24/05/2023,29100,GPS S,M,90.21435228,9.785647717,0,0,22.37584687,22.37584687,5.645751788,4.981938951,4.122639965,2.200001798,1.542821852,5.277471583,8.245717586,6.12576497,1.763488821,1.664084065,8.800007193,6.171287409,84.79911471,88.9565759,13.7409116,20.71176281,7.449012749,67.07043481,39.81176137,25.48055244,27.25867344,29.57626073,8.514431328,6.937415639,39.66884279,53.39374157
TLK,Charline,Lean,2023,May,25/05/2023,29100,GPS P,F,69.43651926,30.56348074,0,0,80.26071723,80.26071723,26.28990839,22.74408721,15.99228589,7.509387456,4.840981462,14.16292091,28.66719916,15.34514532,4.539072632,6.29970731,30.03754982,19.36392585,262.2468648,274.3873261,13.54306285,73.96100992,6.54531552,74.3055126,38.75988064,19.14917187,35.54563197,20.74761464,6.137115537,7.057150242,46.48797517,46.45487458
TLK,Charline,Lean,2023,May,26/05/2023,29400,GPS S,M,91.58686731,8.413132695,0,0,31.01857332,31.01857332,9.257021964,7.993530644,6.060984189,3.071243382,2.024831675,6.459998113,10.87393136,7.339732356,2.112966466,2.402790215,12.28497353,8.099326702,108.7173302,114.0249853,13.42300839,28.61578311,7.075926134,70.34912602,37.99976857,22.57494785,32.34935745,25.64924513,7.38391977,7.103115758,41.90807434,50.9888099
TLK,Charline,Lean,2023,May,29/05/2023,24900,GPS G,F,46.05042017,53.94957983,0,0,37.99091969,37.99091969,12.34988218,10.75582622,8.170127727,4.831109289,3.417913257,7.122416108,12.29384688,7.518116798,2.163386199,2.806861265,19.32443715,13.67165303,122.7247924,132.9772626,8.976587698,35.18405843,9.714380346,70.04231508,34.94152589,20.24330457,35.1007892,21.3679636,6.148768209,10.28119602,41.51376223,48.20504175
TLK,Charline,Lean,2023,May,30/05/2023,8400,GPS G,F,90.52333805,9.476661952,0,0,39.52822258,39.52822258,14.51864497,12.84100867,9.005761171,4.353051968,2.863147105,6.571741385,12.51868824,7.340329709,2.110832008,3.056000889,17.41220787,11.45258842,120.3271888,128.2222372,10.50654964,36.47222169,7.850213046,74.13130308,34.32389818,18.01848388,39.8074049,20.12580909,5.787505972,8.931827015,44.94070418,46.12746881
TLK,Charline,Lean,2023,May,31/05/2023,27300,GPS G,F,90.67877629,4.158699809,0,5.162523901,95.05499012,95.05499012,27.70012709,23.14924607,11.36800841,4.709716183,3.073455437,10.43343293,38.3023641,15.0659667,6.135276906,11.41621223,18.83886473,12.29382175,268.30095,272.4114685,21.82404751,79.50937956,3.86552562,83.01220757,48.17339076,13.12226681,34.83881681,18.94866591,7.716419044,4.512960419,61.01679614,34.47024344
TLK,Charline,Lean,2023,June,01/06/2023,28800,GPS P,F,84.91722869,15.08277131,0,0,88.78281451,88.78281451,26.19986849,22.08574294,12.34281031,5.382195327,3.400779225,8.454996781,41.74864389,21.61453025,6.333549364,8.978526118,21.52878131,13.6031169,263.132446,268.7451096,19.34354074,79.80428839,4.261399097,85.14393619,52.31378505,10.59466471,32.83015114,27.08442201,7.936352158,5.061717,66.62335993,28.31492307
TLK,Charline,Lean,2023,June,12/06/2023,27000,GPS S,M,83.01204819,16.98795181,0,0,15.36522029,15.36522029,4.865725644,4.213818292,2.737456769,1.022858061,0.579429807,1.520398812,7.606974882,3.729366995,0.836422539,0.792691143,4.091432245,2.317719227,47.83376895,48.76861835,20.63829319,14.57252914,3.976178747,85.59049979,52.20078688,10.43332147,33.3897129,25.59176213,5.739721158,4.752480807,67.18933389,28.0581853
TLK,Charline,Lean,2023,June,13/06/2023,28500,GPS G,F,100,0,0,0,16.40729962,16.40729962,3.134887215,2.785150589,2.310485553,1.25239436,0.89759463,2.342101563,9.096400383,6.985132511,1.560952825,0.936315828,5.00957744,3.590378521,59.86270432,61.97642587,16.67309003,15.47098379,5.801794134,79.0595334,58.79652196,15.13867246,20.26301144,45.14989224,10.08955116,5.793135809,60.1956837,34.01118049
TLK,Charline,Lean,2023,June,16/06/2023,109800,GPS G,F,74.14880202,25.85119798,0,0,2.518205427,2.518205427,0.593212535,0.528885218,0.439415004,0.214389227,0.136428176,0.350759469,1.279567301,0.984245564,0.223372189,0.158237946,0.857556907,0.545712704,8.728912016,9.047986231,15.99543487,2.359967481,5.780934572,79.35617126,54.21970055,14.86289417,25.13647071,41.7058952,9.465053667,6.031316693,59.0787626,34.8899207
TLK,Charline,Lean,2023,June,19/06/2023,27000,GPS P,F,100,0,0,0,43.44210004,43.44210004,8.905007476,7.86814305,5.97134483,3.844135762,2.751664883,5.060974939,24.6735484,16.15925639,3.49717035,2.050904345,15.37654305,11.00665953,151.0552988,158.1521693,13.72399122,41.3911957,6.647947315,81.12487525,59.61062005,12.22717743,21.51425521,39.04032275,8.449068193,6.959537501,64.239862,28.80060049
TLK,Charline,Lean,2023,June,20/06/2023,28478,GPS S,M,98.68345736,1.316542645,0,0,43.85272704,43.85272704,8.367293461,7.417142657,6.343080521,3.079761776,2.195622335,6.792478252,23.72473831,19.66736369,4.463728581,2.772594685,12.3190471,8.782489338,162.432237,167.2679809,18.49501101,41.08013236,5.344730429,78.12056566,57.75234146,16.53470391,20.3682242,47.87560935,10.86590604,5.250550219,58.2019265,36.54752328
TLK,Charline,Lean,2023,June,21/06/2023,28200,GPS P,F,100,0,0,0,81.64568411,81.64568411,15.65335065,13.91327479,11.38922749,6.427611739,4.613146915,11.25873162,45.65031456,34.00195583,7.549841216,4.470140373,25.71044696,18.45258766,295.904656,307.0091321,16.03594366,77.17554374,5.977472515,79.43405675,59.15127039,14.58847074,20.28278635,44.05794139,9.782686133,6.010436085,60.98449209,33.00507182
TLK,Charline,Lean,2023,June,22/06/2023,28836,GPS S,M,91.03658537,8.963414634,0,0,32.6887317,32.6887317,6.32467042,5.610670993,4.627411725,2.572538205,1.846878353,4.589015798,18.09657853,13.71233034,3.057027522,1.831588604,10.29015282,7.38751341,118.5258292,122.9713567,16.04407635,30.8571431,5.985253873,79.14293579,58.64631885,14.87181034,20.49661694,44.43810724,9.907033559,6.007507445,60.40650694,33.58598562
TLK,Charline,Lean,2023,July,03/07/2023,21600,GPS P,F,95.371669,4.628330996,0,0,79.35363262,79.35363262,42.76203429,35.96539156,20.10662322,4.82575672,1.809844419,5.311562526,23.37703036,4.664476387,1.678384185,6.093161029,19.30302688,7.239377677,174.0251404,174.1226911,24.03868788,73.2604716,2.4704242,90.27933237,31.90947294,7.250243426,58.36985943,6.366975649,2.290981956,4.157630249,68.38812906,27.4542407
TLK,Charline,Lean,2023,July,04/07/2023,27600,GPS S,M,100,0,0,0,59.21384988,59.21384988,23.43174854,18.7139041,10.62527241,4.553882741,2.588615081,3.073083182,27.36556294,9.23547625,1.588287173,2.754840136,18.21553097,10.35446032,155.045288,160.0705018,14.97376813,56.45900974,4.58494595,89.9720199,48.46978908,5.443034151,41.50223082,16.35784314,2.813168669,6.468687362,76.25283327,17.27847937
TLK,Charline,Lean,2023,July,05/07/2023,26700,GPS P,F,100,0,0,0,57.39637989,57.39637989,15.25462067,7.529580379,4.016075305,5.801594764,4.689470228,1.852224704,32.77615525,8.672888916,24.65550683,2.823909032,23.20637906,18.75788091,159.4444282,173.0366349,8.500130101,54.57247086,8.593105927,88.01282986,60.05987037,3.394064213,27.95295949,15.89242484,45.17938522,10.84041014,79.52577888,9.633810982
TLK,Charline,Lean,2023,July,06/07/2023,24000,GPS P,F,100,0,0,0,22.62915055,22.62915055,14.13494269,10.98429379,5.342411047,1.092147079,0.438573161,0.622462022,6.336374903,1.289141512,0.288193161,1.096797776,4.368588316,1.754292646,41.76088896,41.47855806,23.80497294,21.53235277,2.036810218,95.07236764,29.42722966,2.890822142,65.64513798,5.986997918,1.338419278,4.22939641,82.26444894,13.50615464
TLK,Charline,Lean,2023,July,07/07/2023,26400,GPS S,M,100,0,0,0,43.46065024,43.46065024,18.99347178,14.61659944,8.12172955,3.312613777,1.952224506,2.191851766,17.24629951,3.226350271,7.358655315,3.076802666,13.25045511,7.808898026,103.2418699,107.1393094,13.22105495,40.38384757,4.83417164,89.7382827,42.70593455,5.427545661,47.03234815,7.98920971,18.22177865,7.288546167,74.29928932,18.41216451
TLK,Charline,Lean,2023,July,10/07/2023,26400,GPS G,F,100,0,0,0,67.13289386,67.13289386,17.88324344,8.214634194,4.837265786,7.832371831,6.384548197,4.235183254,35.5618722,9.270136479,31.11857185,3.06804677,31.32948733,25.53819279,194.0448193,213.5410516,7.598220473,64.06484709,9.965758895,83.42346554,55.50918142,6.61077556,27.91428413,14.4699268,48.57355205,11.95938326,70.19081737,17.84979937
TLK,Charline,Lean,2023,July,11/07/2023,15600,GPS G,F,67.02033599,32.97966401,0,0,49.54007698,49.54007698,13.89975799,12.38978871,9.332271617,4.601556981,2.599644996,6.795913118,24.22914709,15.50457161,3.51872563,2.015613791,18.40622792,10.39857998,168.7131213,174.6530943,16.22463082,47.52446319,5.470119642,80.23005946,50.982474,14.2998209,29.24758546,32.62440135,7.404030249,5.953848125,59.02632111,35.01983077
TLK,Charline,Lean,2023,July,12/07/2023,14700,GPS G,F,53.33333333,46.66666667,0,0,67.68122276,67.68122276,20.46428687,12.69525485,8.556087976,8.268465185,5.854343136,3.599319246,34.0984586,9.812215149,24.07881517,3.664814899,33.07386074,23.41737255,184.4428871,201.7689496,7.876327147,64.01640786,9.145066604,85.23243853,53.26518582,5.622494868,31.96725271,15.32765658,37.61350563,11.60603383,72.33903141,16.05493476
TLK,Charline,Lean,2023,July,13/07/2023,24600,GPS S,M,100,0,0,0,51.60359776,51.60359776,27.08794896,21.9045667,11.6642181,3.129938353,1.386685838,2.256040062,17.73503336,4.222062423,1.020226365,3.137889534,12.51975341,5.546743353,111.966775,112.8691945,20.18603851,48.46570822,2.861169039,92.48391072,36.59295203,4.654920242,55.89095869,8.711442746,2.105047883,4.914311099,77.09640436,17.98928454
TLK,Charline,Lean,2023,July,24/07/2023,113400,GPS P,F,100,0,0,0,7.662723903,7.662723903,2.746438576,2.245638344,1.539349107,1.034043156,0.685510256,1.302583833,2.637225003,1.333560389,0.379884714,0.290966235,4.136172622,2.742041024,24.37318002,26.42557589,8.888699988,7.371757668,9.299142578,73.03093538,35.77471102,17.66992204,37.25622436,18.09012788,5.153244738,10.37646648,45.26024492,44.3632886
TLK,Charline,Lean,2023,July,25/07/2023,25397,GPS S,M,100,0,0,0,57.56319617,57.56319617,22.57905082,18.18269324,11.94847987,6.283142527,3.934371871,10.01478184,19.06736668,11.11911494,1.307446037,1.967624953,25.13257011,15.73748748,183.6754772,194.232277,11.6712072,55.59557121,7.076772097,74.90959548,34.29655684,18.01363242,40.61303864,20.00000126,2.351708974,8.102405907,45.49282659,46.4047675
TLK,Charline,Lean,2023,July,26/07/2023,25903,GPS P,F,100,0,0,0,26.40164488,26.40164488,14.71872294,11.3830537,5.882549214,2.306657597,1.287085811,2.333056025,6.291215274,3.669764084,0.55465165,1.771564828,9.226630386,5.148343243,57.42218837,60.19438357,11.15352758,24.63008005,5.225666372,85.30194856,25.54281294,9.472385065,59.75913562,14.89952154,2.251927921,8.552863137,56.56430731,34.88282955
TLK,Charline,Lean,2023,July,27/07/2023,27300,GPS S,M,100,0,0,0,38.92269834,38.92269834,20.7504444,16.29388162,8.660685749,2.67194817,1.400106855,2.873367575,12.22438613,4.122002623,0.655289861,1.67439339,10.68779268,5.600427421,90.63194264,92.72932721,16.1830403,37.24830495,3.758847167,88.52706335,32.81863736,7.714089483,55.70842599,11.06628242,1.759247467,6.039542817,66.07250744,27.88794975
TLK,Charline,Lean,2023,July,31/07/2023,16200,GPS G,F,100,0,0,0,20.95173693,20.95173693,7.639340886,6.526209313,3.71287621,1.383414109,0.792230835,1.028667299,10.12199341,2.23521374,0.534234869,1.369504493,5.533656437,3.168923339,55.59007512,56.87334214,17.54225937,19.58223243,4.045661481,90.70127403,51.68968067,5.253064493,39.01159335,11.41449907,2.728161209,5.571895759,78.14981754,16.2782867
,,,,,,,,,,,,,,,,,,,,,,,,,,,,,,,,,,,,,,,,